spiderid;Family;temperature;day0;sex;death;mass;Lifespan
Chan2A1;Chan2;C;28/03/2016;F;17/06/2016;NA;81
Chan2A3;Chan2;C;28/03/2016;M;22/10/2016;4.3;208
Chan2A5;Chan2;C;28/03/2016;F;03/12/2016;4.1;250
Chan2A7;Chan2;C;28/03/2016;M;20/10/2016;5;206
Chan2A9;Chan2;C;28/03/2016;F;11/09/2016;3.4;167
Chan2A11;Chan2;C;28/03/2016;M;13/10/2016;4.9;199
Chan2A13;Chan2;C;28/03/2016;M;16/09/2016;4.8;172
Chan2A15;Chan2;C;28/03/2016;M;16/09/2016;4.3;172
Chan2A17;Chan2;C;28/03/2016;F;24/06/2016;NA;88
Chan2A19;Chan2;C;28/03/2016;F;21/10/2016;4.8;207
Chan2A21;Chan2;C;28/03/2016;M;19/10/2016;4.1;205
Chan2A25;Chan2;C;28/03/2016;F;16/11/2016;5.2;233
Chan2A27;Chan2;C;28/03/2016;M;05/12/2016;4.2;252
Chan2A29;Chan2;C;28/03/2016;F;18/11/2016;4.2;235
Chan2A31;Chan2;C;28/03/2016;F;31/07/2016;3.9;125
Chan2A33;Chan2;C;28/03/2016;F;08/10/2016;5.2;194
Chan2A35;Chan2;C;28/03/2016;F;30/07/2016;4.9;124
Chan2A37;Chan2;C;28/03/2016;F;28/09/2016;4.7;184
Chan2A39;Chan2;C;28/03/2016;M;03/12/2016;2.8;250
Chan2A41;Chan2;C;28/03/2016;F;08/11/2016;4.3;225
Chan2A43;Chan2;C;28/03/2016;F;11/08/2016;3.4;136
Chan2A45;Chan2;C;28/03/2016;F;19/11/2016;3.6;236
Chan2A2;Chan2;H;28/03/2016;M;16/09/2016;2.2;172
Chan2A4;Chan2;H;28/03/2016;F;06/07/2016;NA;100
Chan2A6;Chan2;H;28/03/2016;F;NA;NA;#VALORE!
Chan2A12;Chan2;H;28/03/2016;F;24/06/2016;NA;88
Chan2A14;Chan2;H;28/03/2016;F;30/06/2016;NA;94
Chan2A16;Chan2;H;28/03/2016;F;22/08/2016;1.5;147
Chan2A18;Chan2;H;28/03/2016;F;25/06/2016;NA;89
Chan2A20;Chan2;H;28/03/2016;F;17/07/2016;1.6;111
Chan2A24;Chan2;H;28/03/2016;F;22/07/2016;2.3;116
Chan2A28;Chan2;H;28/03/2016;F;NA;NA;#VALORE!
Chan2A30;Chan2;H;28/03/2016;F;28/06/2016;NA;92
Chan2A32;Chan2;H;28/03/2016;F;09/07/2016;NA;103
Chan2A34;Chan2;H;28/03/2016;F;27/07/2016;2.4;121
Chan2A36;Chan2;H;28/03/2016;F;06/08/2016;2.6;131
Chan2A38;Chan2;H;28/03/2016;F;24/06/2016;NA;88
Chan2A40;Chan2;H;28/03/2016;F;01/07/2016;NA;95
Chan2A42;Chan2;H;28/03/2016;F;03/06/2016;NA;67
Chan2A44;Chan2;H;28/03/2016;F;NA;2.5;#VALORE!
Chan2A46;Chan2;H;28/03/2016;F;22/09/2016;2.1;178
Chan2A47;Chan2;H;28/03/2016;F;27/05/2016;NA;60
Chan2A48;Chan2;H;28/03/2016;F;15/06/2016;NA;79
Chan2A49;Chan2;H;28/03/2016;F;05/09/2016;NA;161
Chan2A50;Chan2;H;28/03/2016;F;18/10/2016;2.6;204
Chan5A2;Chan5;C;28/03/2016;M;NA;4.2;#VALORE!
Chan5A6;Chan5;C;28/03/2016;M;NA;4.3;#VALORE!
Chan5A8;Chan5;C;28/03/2016;F;10/12/2016;4.2;257
Chan5A10;Chan5;C;28/03/2016;F;06/12/2016;3.6;253
Chan5A12;Chan5;C;28/03/2016;F;30/11/2016;4.4;247
Chan5A14;Chan5;C;28/03/2016;F;06/12/2016;4.1;253
Chan5A16;Chan5;C;28/03/2016;M;28/10/2016;6.1;214
Chan5A18;Chan5;C;28/03/2016;F;16/10/2016;4.7;202
Chan5A20;Chan5;C;28/03/2016;F;17/11/2016;5.4;234
Chan5A22;Chan5;C;28/03/2016;F;10/08/2016;2.9;135
Chan5A24;Chan5;C;28/03/2016;M;16/10/2016;4.6;202
Chan5A26;Chan5;C;28/03/2016;M;12/12/2016;5.3;259
Chan5A28;Chan5;C;28/03/2016;M;25/10/2016;5.4;211
Chan5A30;Chan5;C;28/03/2016;F;27/11/2016;4.7;244
Chan5A32;Chan5;C;28/03/2016;F;25/10/2016;2.8;211
Chan5A33;Chan5;C;28/03/2016;M;NA;4.8;#VALORE!
Chan5A37;Chan5;C;28/03/2016;F;18/10/2016;3.7;204
Chan5A39;Chan5;C;28/03/2016;F;15/06/2016;NA;79
Chan5A41;Chan5;C;28/03/2016;F;02/07/2016;NA;96
Chan5A43;Chan5;C;28/03/2016;F;01/11/2016;5.6;218
Chan5A45;Chan5;C;28/03/2016;F;NA;4.6;#VALORE!
Chan5A47;Chan5;C;28/03/2016;M;10/10/2016;5.1;196
Chan5A49;Chan5;C;28/03/2016;F;NA;4.3;#VALORE!
Chan5A1;Chan5;H;28/03/2016;F;04/08/2016;3.7;129
Chan5A3;Chan5;H;28/03/2016;F;01/09/2016;4.5;157
Chan5A5;Chan5;H;28/03/2016;F;11/08/2016;2.9;136
Chan5A7;Chan5;H;28/03/2016;F;NA;3.7;#VALORE!
Chan5A9;Chan5;H;28/03/2016;F;01/06/2016;NA;65
Chan5A13;Chan5;H;28/03/2016;F;17/06/2016;NA;81
Chan5A15;Chan5;H;28/03/2016;F;13/07/2016;NA;107
Chan5A17;Chan5;H;28/03/2016;F;29/06/2016;NA;93
Chan5A19;Chan5;H;28/03/2016;F;31/07/2016;4.5;125
Chan5A21;Chan5;H;28/03/2016;F;NA;2.6;#VALORE!
Chan5A23;Chan5;H;28/03/2016;F;15/09/2016;2.9;171
Chan5A25;Chan5;H;28/03/2016;F;28/05/2016;NA;61
Chan5A27;Chan5;H;28/03/2016;F;18/09/2016;2.8;174
Chan5A29;Chan5;H;28/03/2016;F;13/08/2016;2.3;138
Chan5A31;Chan5;H;28/03/2016;F;06/06/2016;NA;70
Chan5A34;Chan5;H;28/03/2016;F;02/08/2016;2.3;127
Chan5A36;Chan5;H;28/03/2016;F;22/07/2016;2;116
Chan5A38;Chan5;H;28/03/2016;F;22/07/2016;2.5;116
Chan5A40;Chan5;H;28/03/2016;F;12/06/2016;NA;76
Chan5A42;Chan5;H;28/03/2016;F;06/06/2016;NA;70
Chan5A44;Chan5;H;28/03/2016;F;07/12/2016;2.2;254
Chan5A46;Chan5;H;28/03/2016;F;22/05/2016;NA;55
Chan5A48;Chan5;H;28/03/2016;F;03/07/2016;NA;97
AvoC1A3;AvoC1;C;04/04/2016;F;17/11/2016;5.1;227
AvoC1A5;AvoC1;C;04/04/2016;F;NA;7.2;#VALORE!
AvoC1A9;AvoC1;C;04/04/2016;M;NA;7.2;#VALORE!
AvoC1A13;AvoC1;C;04/04/2016;F;03/12/2016;5.9;243
AvoC1A19;AvoC1;C;04/04/2016;F;27/11/2016;6.2;237
AvoC1A27;AvoC1;C;04/04/2016;M;14/09/2016;6.4;163
AvoC1A31;AvoC1;C;04/04/2016;M;08/11/2016;6.2;218
AvoC1A33;AvoC1;C;04/04/2016;M;NA;7.4;#VALORE!
AvoC1A35;AvoC1;C;04/04/2016;M;27/01/2017;NA;298
AvoC1A37;AvoC1;C;04/04/2016;F;NA;6.7;#VALORE!
AvoC1A39;AvoC1;C;04/04/2016;F;30/01/2017;6.4;301
AvoC1A41;AvoC1;C;04/04/2016;M;13/12/2016;6.9;253
AvoC1A43;AvoC1;C;04/04/2016;M;30/07/2016;7.1;117
AvoC1A45;AvoC1;C;04/04/2016;F;21/12/2016;5.3;261
AvoC1A47;AvoC1;C;04/04/2016;M;15/12/2016;NA;255
AvoC1A48;AvoC1;C;04/04/2016;M;17/10/2016;5.1;196
AvoC1A2;AvoC1;H;04/04/2016;F;02/08/2016;2;120
AvoC1A8;AvoC1;H;04/04/2016;F;09/06/2016;NA;66
AvoC1A12;AvoC1;H;04/04/2016;F;25/07/2016;2.6;112
AvoC1A16;AvoC1;H;04/04/2016;F;NA;3.2;#VALORE!
AvoC1A18;AvoC1;H;04/04/2016;F;25/07/2016;3.3;112
AvoC1A20;AvoC1;H;04/04/2016;F;07/09/2016;4;156
AvoC1A24;AvoC1;H;04/04/2016;F;12/08/2016;3.9;130
AvoC1A26;AvoC1;H;04/04/2016;F;26/07/2016;2.9;113
AvoC1A28;AvoC1;H;04/04/2016;F;22/06/2016;NA;79
AvoC1A30;AvoC1;H;04/04/2016;M;24/08/2016;5.2;142
AvoC1A32;AvoC1;H;04/04/2016;F;11/07/2016;NA;98
AvoC1A34;AvoC1;H;04/04/2016;F;25/07/2016;2.5;112
AvoC1A38;AvoC1;H;04/04/2016;F;12/07/2016;NA;99
AvoC1A40;AvoC1;H;04/04/2016;F;06/07/2016;NA;93
AvoC1A42;AvoC1;H;04/04/2016;F;29/08/2016;3.4;147
AvoC1A44;AvoC1;H;04/04/2016;M;30/06/2016;NA;87
AvoC1A46;AvoC1;H;04/04/2016;F;12/09/2016;3.2;161
AvoC7A1;AvoC7;C;09/04/2016;F;30/11/2016;5.8;235
AvoC7A3;AvoC7;C;09/04/2016;M;18/09/2016;6.4;162
AvoC7A5;AvoC7;C;09/04/2016;F;30/11/2016;5.8;235
AvoC7A7;AvoC7;C;09/04/2016;F;05/12/2016;5.1;240
AvoC7A9;AvoC7;C;09/04/2016;F;25/11/2016;5.5;230
AvoC7A15;AvoC7;C;09/04/2016;F;15/12/2016;5.6;250
AvoC7A17;AvoC7;C;09/04/2016;F;NA;5.5;#VALORE!
AvoC7A21;AvoC7;C;09/04/2016;F;19/11/2016;5.3;224
AvoC7A23;AvoC7;C;09/04/2016;M;13/09/2016;6;157
AvoC7A27;AvoC7;C;09/04/2016;F;01/02/2017;6.3;298
AvoC7A31;AvoC7;C;09/04/2016;M;24/10/2016;5.3;198
AvoC7A33;AvoC7;C;09/04/2016;F;16/01/2017;5.3;282
AvoC7A35;AvoC7;C;09/04/2016;M;18/09/2016;NA;162
AvoC7A37;AvoC7;C;09/04/2016;M;26/10/2016;3.4;200
AvoC7A39;AvoC7;C;09/04/2016;M;NA;5.7;#VALORE!
AvoC7A41;AvoC7;C;09/04/2016;M;06/09/2016;NA;150
AvoC7A4;AvoC7;H;09/04/2016;M;13/09/2016;4.7;157
AvoC7A6;AvoC7;H;09/04/2016;F;30/09/2016;3.4;174
AvoC7A8;AvoC7;H;09/04/2016;F;06/09/2016;4.1;150
AvoC7A12;AvoC7;H;09/04/2016;F;13/10/2016;4.4;187
AvoC7A16;AvoC7;H;09/04/2016;F;22/09/2016;3.4;166
AvoC7A18;AvoC7;H;09/04/2016;F;30/09/2016;3.1;174
AvoC7A20;AvoC7;H;09/04/2016;F;12/10/2016;4.6;186
AvoC7A22;AvoC7;H;09/04/2016;F;19/08/2016;4.6;132
AvoC7A28;AvoC7;H;09/04/2016;F;27/08/2016;4.2;140
AvoC7A30;AvoC7;H;09/04/2016;F;21/09/2016;4.9;165
AvoC7A36;AvoC7;H;09/04/2016;F;NA;4.1;#VALORE!
AvoC7A40;AvoC7;H;09/04/2016;F;26/09/2016;4.6;170
AvoC7A44;AvoC7;H;09/04/2016;F;23/09/2016;4;167
AvoC7A46;AvoC7;H;09/04/2016;F;09/09/2016;3.4;153
AvoC7A47;AvoC7;H;09/04/2016;F;NA;3.6;#VALORE!
AvoC7A48;AvoC7;H;09/04/2016;F;03/09/2016;2.9;147
GCC2A1;GCC2A;C;05/04/2016;M;31/01/2017;NA;301
GCC2A3;GCC2A;C;05/04/2016;F;02/10/2016;4.7;180
GCC2A5;GCC2A;C;05/04/2016;M;NA;5.5;#VALORE!
GCC2A7;GCC2A;C;05/04/2016;M;21/02/2017;5.1;322
GCC2A9;GCC2A;C;05/04/2016;F;11/10/2016;5.4;189
GCC2A11;GCC2A;C;05/04/2016;M;30/07/2016;NA;116
GCC2A13;GCC2A;C;05/04/2016;F;15/10/2016;4.5;193
GCC2A15;GCC2A;C;05/04/2016;M;08/12/2016;5.8;247
GCC2A19;GCC2A;C;05/04/2016;F;22/11/2016;4.7;231
GCC2A21;GCC2A;C;05/04/2016;M;25/10/2016;NA;203
GCC2A23;GCC2A;C;05/04/2016;M;03/12/2016;NA;242
GCC2A25;GCC2A;C;05/04/2016;M;25/11/2016;NA;234
GCC2A29;GCC2A;C;05/04/2016;M;08/10/2016;NA;186
GCC2A31;GCC2A;C;05/04/2016;F;07/11/2016;4.5;216
GCC2A33;GCC2A;C;05/04/2016;F;07/11/2016;4.5;216
GCC2A35;GCC2A;C;05/04/2016;M;21/09/2016;5.2;169
GCC2A37;GCC2A;C;05/04/2016;M;30/01/2017;NA;300
GCC2A39;GCC2A;C;05/04/2016;M;07/08/2016;NA;124
GCC2A41;GCC2A;C;05/04/2016;F;28/06/2016;NA;84
GCC2A43;GCC2A;C;05/04/2016;M;05/07/2016;NA;91
GCC2A2;GCC2A;H;05/04/2016;F;14/08/2016;1.8;131
GCC2A4;GCC2A;H;05/04/2016;F;12/08/2016;2.6;129
GCC2A6;GCC2A;H;05/04/2016;F;04/08/2016;2.3;121
GCC2A10;GCC2A;H;05/04/2016;F;11/07/2016;NA;97
GCC2A12;GCC2A;H;05/04/2016;M;30/06/2016;NA;86
GCC2A14;GCC2A;H;05/04/2016;F;24/07/2016;2.1;110
GCC2A16;GCC2A;H;05/04/2016;F;28/06/2016;NA;84
GCC2A18;GCC2A;H;05/04/2016;F;18/07/2016;NA;104
GCC2A22;GCC2A;H;05/04/2016;F;25/06/2016;NA;81
GCC2A24;GCC2A;H;05/04/2016;F;13/08/2016;3.6;130
GCC2A26;GCC2A;H;05/04/2016;F;10/07/2016;NA;96
GCC2A28;GCC2A;H;05/04/2016;F;06/06/2016;NA;62
GCC2A30;GCC2A;H;05/04/2016;F;NA;NA;#VALORE!
GCC2A32;GCC2A;H;05/04/2016;F;10/07/2016;NA;96
GCC2A36;GCC2A;H;05/04/2016;F;22/08/2016;2.8;139
GCC2A42;GCC2A;H;05/04/2016;F;23/08/2016;3.3;140
GCC2A45;GCC2A;H;05/04/2016;F;NA;NA;#VALORE!
GCC2A46;GCC2A;H;05/04/2016;F;12/07/2016;NA;98
GCC2A47;GCC2A;H;05/04/2016;F;27/07/2016;2.7;113
GCC2A49;GCC2A;H;05/04/2016;F;29/07/2016;3.2;115
Cort7A1;Cort7;C;04/04/2016;F;17/01/2017;5.8;288
Cort7A3;Cort7;C;04/04/2016;M;18/09/2016;5;167
Cort7A5;Cort7;C;04/04/2016;F;09/08/2016;1.9;127
Cort7A7;Cort7;C;04/04/2016;F;18/10/2016;5;197
Cort7A11;Cort7;C;04/04/2016;M;21/10/2016;6.2;200
Cort7A13;Cort7;C;04/04/2016;F;26/08/2016;5.7;144
Cort7A15;Cort7;C;04/04/2016;M;09/08/2016;NA;127
Cort7A17;Cort7;C;04/04/2016;M;NA;5.4;#VALORE!
Cort7A19;Cort7;C;04/04/2016;M;01/10/2016;5.5;180
Cort7A21;Cort7;C;04/04/2016;M;05/07/2016;NA;92
Cort7A23;Cort7;C;04/04/2016;M;22/07/2016;NA;109
Cort7A25;Cort7;C;04/04/2016;F;20/06/2016;NA;77
Cort7A29;Cort7;C;04/04/2016;M;04/11/2016;NA;214
Cort7A31;Cort7;C;04/04/2016;M;02/09/2016;5.9;151
Cort7A33;Cort7;C;04/04/2016;F;16/11/2016;5.9;226
Cort7A35;Cort7;C;04/04/2016;M;11/12/2016;4.7;251
Cort7A37;Cort7;C;04/04/2016;M;12/12/2016;4.7;252
Cort7A39;Cort7;C;04/04/2016;M;19/09/2016;5.8;168
Cort7A41;Cort7;C;04/04/2016;M;24/08/2016;NA;142
Cort7A43;Cort7;C;04/04/2016;F;27/11/2016;5.9;237
Cort7A45;Cort7;C;04/04/2016;M;15/08/2016;NA;133
Cort7A47;Cort7;C;04/04/2016;F;11/09/2016;5.9;160
Cort7A49;Cort7;C;04/04/2016;F;10/11/2016;5.2;220
Cort7A2;Cort7;H;04/04/2016;F;24/06/2016;NA;81
Cort7A4;Cort7;H;04/04/2016;F;04/07/2016;NA;91
Cort7A6;Cort7;H;04/04/2016;F;04/08/2016;2.5;122
Cort7A8;Cort7;H;04/04/2016;F;18/07/2016;NA;105
Cort7A10;Cort7;H;04/04/2016;F;21/07/2016;2.2;108
Cort7A12;Cort7;H;04/04/2016;F;11/07/2016;NA;98
Cort7A16;Cort7;H;04/04/2016;F;16/06/2016;NA;73
Cort7A18;Cort7;H;04/04/2016;F;12/07/2016;NA;99
Cort7A20;Cort7;H;04/04/2016;F;02/08/2016;3.7;120
Cort7A22;Cort7;H;04/04/2016;F;30/09/2016;4;179
Cort7A24;Cort7;H;04/04/2016;F;13/06/2016;NA;70
Cort7A26;Cort7;H;04/04/2016;F;25/06/2016;NA;82
Cort7A28;Cort7;H;04/04/2016;F;22/07/2016;2.3;109
Cort7A30;Cort7;H;04/04/2016;F;25/08/2016;3.5;143
Cort7A32;Cort7;H;04/04/2016;F;05/07/2016;NA;92
Cort7A34;Cort7;H;04/04/2016;F;11/06/2016;NA;68
Cort7A36;Cort7;H;04/04/2016;F;18/09/2016;2.4;167
Cort7A38;Cort7;H;04/04/2016;F;24/07/2016;2.6;111
Cort7A40;Cort7;H;04/04/2016;F;27/07/2016;2.3;114
Cort7A42;Cort7;H;04/04/2016;F;27/05/2016;NA;53
Cort7A44;Cort7;H;04/04/2016;F;15/07/2016;NA;102
Cort7A46;Cort7;H;04/04/2016;F;03/07/2016;NA;90
Cort7A48;Cort7;H;04/04/2016;F;22/07/2016;2.4;109
Chan3A1;Chan3;C;08/04/2016;M;30/10/2016;5;205
Chan3A3;Chan3;C;08/04/2016;M;05/09/2016;NA;150
Chan3A5;Chan3;C;08/04/2016;F;NA;7;#VALORE!
Chan3A7;Chan3;C;08/04/2016;M;NA;4.7;#VALORE!
Chan3A9;Chan3;C;08/04/2016;M;NA;5.3;#VALORE!
Chan3A11;Chan3;C;08/04/2016;M;NA;4.8;#VALORE!
Chan3A13;Chan3;C;08/04/2016;M;NA;5.5;#VALORE!
Chan3A17;Chan3;C;08/04/2016;F;NA;6.3;#VALORE!
Chan3A19;Chan3;C;08/04/2016;M;NA;5.5;#VALORE!
Chan3A21;Chan3;C;08/04/2016;M;NA;5.8;#VALORE!
Chan3A23;Chan3;C;08/04/2016;M;29/12/2016;NA;265
Chan3A25;Chan3;C;08/04/2016;F;11/01/2017;4.6;278
Chan3A27;Chan3;C;08/04/2016;F;04/02/2017;5.7;302
Chan3A29;Chan3;C;08/04/2016;M;30/01/2017;4.9;297
Chan3A31;Chan3;C;08/04/2016;F;03/12/2016;4.8;239
Chan3A33;Chan3;C;08/04/2016;M;31/10/2016;4.6;206
Chan3A35;Chan3;C;08/04/2016;M;23/12/2016;6.4;259
Chan3A37;Chan3;C;08/04/2016;F;13/12/2016;5.3;249
Chan3A39;Chan3;C;08/04/2016;M;19/01/2017;5.1;286
Chan3A41;Chan3;C;08/04/2016;M;NA;3.6;#VALORE!
Chan3A45;Chan3;C;08/04/2016;M;26/10/2016;NA;201
Chan3A47;Chan3;C;08/04/2016;M;05/09/2016;NA;150
Chan3A49;Chan3;C;08/04/2016;F;16/01/2017;5.9;283
Chan3A50;Chan3;C;08/04/2016;F;31/10/2016;4.7;206
Chan3A2;Chan3;H;08/04/2016;F;03/11/2016;4.2;209
Chan3A4;Chan3;H;08/04/2016;F;07/09/2016;2.7;152
Chan3A6;Chan3;H;08/04/2016;F;27/09/2016;3.5;172
Chan3A8;Chan3;H;08/04/2016;F;12/10/2016;4.5;187
Chan3A10;Chan3;H;08/04/2016;F;30/08/2016;3.2;144
Chan3A12;Chan3;H;08/04/2016;F;31/07/2016;2.8;114
Chan3A14;Chan3;H;08/04/2016;F;28/10/2016;4.8;203
Chan3A16;Chan3;H;08/04/2016;F;22/07/2016;NA;105
Chan3A18;Chan3;H;08/04/2016;F;17/10/2016;4;192
Chan3A20;Chan3;H;08/04/2016;F;14/07/2016;NA;97
Chan3A22;Chan3;H;08/04/2016;F;23/11/2016;3.3;229
Chan3A24;Chan3;H;08/04/2016;M;15/09/2016;4;160
Chan3A26;Chan3;H;08/04/2016;F;NA;2.8;#VALORE!
Chan3A28;Chan3;H;08/04/2016;F;22/09/2016;2.4;167
Chan3A30;Chan3;H;08/04/2016;F;27/08/2016;3.4;141
Chan3A32;Chan3;H;08/04/2016;F;13/09/2016;3.2;158
Chan3A34;Chan3;H;08/04/2016;F;25/06/2016;NA;78
Chan3A36;Chan3;H;08/04/2016;M;08/09/2016;3.5;153
Chan3A38;Chan3;H;08/04/2016;F;25/07/2016;2.4;108
Chan3A40;Chan3;H;08/04/2016;F;29/07/2016;1.3;112
Chan3A42;Chan3;H;08/04/2016;F;25/07/2016;3.2;108
Chan3A44;Chan3;H;08/04/2016;F;30/07/2016;2.6;113
Chan3A46;Chan3;H;08/04/2016;M;21/07/2016;NA;104
Chan3A48;Chan3;H;08/04/2016;F;07/09/2016;3.5;152
MR4A3;MR4A;C;12/04/2016;F;09/08/2016;2.9;119
MR4A5;MR4A;C;12/04/2016;F;28/06/2016;NA;77
MR4A7;MR4A;C;12/04/2016;F;04/11/2016;5.2;206
MR4A9;MR4A;C;12/04/2016;F;04/08/2016;3.3;114
MR4A13;MR4A;C;12/04/2016;F;21/09/2016;6.5;162
MR4A15;MR4A;C;12/04/2016;F;23/09/2016;5.7;164
MR4A17;MR4A;C;12/04/2016;M;24/08/2016;5.5;134
MR4A19;MR4A;C;12/04/2016;F;26/10/2016;5.8;197
MR4A23;MR4A;C;12/04/2016;F;27/09/2016;4.7;168
MR4A27;MR4A;C;12/04/2016;F;22/07/2016;NA;101
MR4A29;MR4A;C;12/04/2016;M;05/09/2016;5.5;146
MR4A31;MR4A;C;12/04/2016;F;23/09/2016;5.3;164
MR4A33;MR4A;C;12/04/2016;M;03/11/2016;5;205
MR4A35;MR4A;C;12/04/2016;F;05/12/2016;4.7;237
MR4A37;MR4A;C;12/04/2016;F;31/10/2016;6.3;202
MR4A41;MR4A;C;12/04/2016;M;16/09/2016;NA;157
MR4A43;MR4A;C;12/04/2016;F;NA;NA;#VALORE!
MR4A44;MR4A;C;12/04/2016;M;02/08/2016;NA;112
MR4A45;MR4A;C;12/04/2016;M;05/12/2016;4.7;237
MR4A48;MR4A;C;12/04/2016;F;02/12/2016;4.3;234
MR4A49;MR4A;C;12/04/2016;M;26/09/2016;5.7;167
MR4A2;MR4A;H;12/04/2016;F;24/07/2016;NA;103
MR4A4;MR4A;H;12/04/2016;F;17/09/2016;2.8;158
MR4A6;MR4A;H;12/04/2016;F;17/08/2016;3.2;127
MR4A8;MR4A;H;12/04/2016;F;22/06/2016;NA;71
MR4A10;MR4A;H;12/04/2016;F;23/09/2016;3.2;164
MR4A12;MR4A;H;12/04/2016;F;20/06/2016;NA;69
MR4A14;MR4A;H;12/04/2016;F;23/09/2016;4.7;164
MR4A18;MR4A;H;12/04/2016;F;30/07/2016;2.5;109
MR4A22;MR4A;H;12/04/2016;F;07/07/2016;NA;86
MR4A24;MR4A;H;12/04/2016;F;22/07/2016;NA;101
MR4A26;MR4A;H;12/04/2016;F;25/08/2016;3.1;135
MR4A28;MR4A;H;12/04/2016;F;08/08/2016;4.7;118
MR4A30;MR4A;H;12/04/2016;F;08/06/2016;NA;57
MR4A32;MR4A;H;12/04/2016;M;26/09/2016;NA;167
MR4A34;MR4A;H;12/04/2016;F;28/07/2016;2.4;107
MR4A36;MR4A;H;12/04/2016;F;07/09/2016;3.2;148
MR4A38;MR4A;H;12/04/2016;F;09/08/2016;3.4;119
MR4A40;MR4A;H;12/04/2016;F;17/08/2016;3.5;127
MR4A42;MR4A;H;12/04/2016;F;26/07/2016;NA;105
MR4A46;MR4A;H;12/04/2016;F;03/10/2016;4.8;174
MR4A50;MR4A;H;12/04/2016;F;09/09/2016;4.1;150
MV3A1;MV3A;C;12/04/2016;M;14/07/2016;NA;93
MV3A3;MV3A;C;12/04/2016;F;08/06/2016;NA;57
MV3A5;MV3A;C;12/04/2016;M;27/11/2016;NA;229
MV3A7;MV3A;C;12/04/2016;F;NA;NA;#VALORE!
MV3A13;MV3A;C;12/04/2016;M;06/08/2016;NA;116
MV3A17;MV3A;C;12/04/2016;F;06/10/2016;5.2;177
MV3A19;MV3A;C;12/04/2016;M;30/08/2016;NA;140
MV3A21;MV3A;C;12/04/2016;F;22/06/2016;NA;71
MV3A23;MV3A;C;12/04/2016;F;04/07/2016;NA;83
MV3A25;MV3A;C;12/04/2016;F;28/12/2016;6.3;260
MV3A27;MV3A;C;12/04/2016;F;17/06/2016;NA;66
MV3A29;MV3A;C;12/04/2016;F;24/11/2016;5.2;226
MV3A31;MV3A;C;12/04/2016;M;06/09/2016;NA;147
MV3A39;MV3A;C;12/04/2016;F;25/06/2016;NA;74
MV3A41;MV3A;C;12/04/2016;F;22/06/2016;NA;71
MV3A2;MV3A;H;12/04/2016;M;25/07/2016;NA;104
MV3A4;MV3A;H;12/04/2016;F;07/09/2016;2.5;148
MV3A6;MV3A;H;12/04/2016;M;22/07/2016;NA;101
MV3A8;MV3A;H;12/04/2016;F;14/07/2016;NA;93
MV3A18;MV3A;H;12/04/2016;F;15/09/2016;2;156
MV3A22;MV3A;H;12/04/2016;F;17/07/2016;NA;96
MV3A28;MV3A;H;12/04/2016;F;25/08/2016;2.8;135
MV3A32;MV3A;H;12/04/2016;F;NA;NA;#VALORE!
MV3A34;MV3A;H;12/04/2016;F;23/07/2016;NA;102
MV3A36;MV3A;H;12/04/2016;F;23/07/2016;NA;102
MV3A40;MV3A;H;12/04/2016;F;01/08/2016;2;111
MV3A46;MV3A;H;12/04/2016;F;27/08/2016;2.1;137
MV3A47;MV3A;H;12/04/2016;M;21/08/2016;3.4;131
MV3A48;MV3A;H;12/04/2016;F;25/06/2016;NA;74
MV3A49;MV3A;H;12/04/2016;F;06/07/2016;NA;85
MV3A50;MV3A;H;12/04/2016;F;11/08/2016;1.4;121
Cort5A1;Cort5;C;17/04/2016;F;NA;5;#VALORE!
Cort5A3;Cort5;C;17/04/2016;M;29/11/2016;5;226
Cort5A5;Cort5;C;17/04/2016;F;NA;3.9;#VALORE!
Cort5A7;Cort5;C;17/04/2016;F;29/10/2016;7;195
Cort5A13;Cort5;C;17/04/2016;M;15/09/2016;NA;151
Cort5A15;Cort5;C;17/04/2016;F;NA;5.4;#VALORE!
Cort5A17;Cort5;C;17/04/2016;F;NA;5.5;#VALORE!
Cort5A19;Cort5;C;17/04/2016;M;12/09/2016;NA;148
Cort5A21;Cort5;C;17/04/2016;F;16/11/2016;5.9;213
Cort5A25;Cort5;C;17/04/2016;F;29/11/2016;5.8;226
Cort5A27;Cort5;C;17/04/2016;M;29/12/2016;4.4;256
Cort5A29;Cort5;C;17/04/2016;M;20/11/2016;5.4;217
Cort5A35;Cort5;C;17/04/2016;M;25/11/2016;4.5;222
Cort5A37;Cort5;C;17/04/2016;M;12/08/2016;NA;117
Cort5A39;Cort5;C;17/04/2016;M;29/09/2016;6.2;165
Cort5A41;Cort5;C;17/04/2016;M;19/01/2017;4.9;277
Cort5A45;Cort5;C;17/04/2016;F;21/01/2017;4.4;279
Cort5A47;Cort5;C;17/04/2016;F;06/07/2016;NA;80
Cort5A48;Cort5;C;17/04/2016;F;29/07/2016;NA;103
Cort5A49;Cort5;C;17/04/2016;F;02/01/2017;5.4;260
Cort5A2;Cort5;H;17/04/2016;F;12/06/2016;NA;56
Cort5A4;Cort5;H;17/04/2016;F;25/07/2016;NA;99
Cort5A6;Cort5;H;17/04/2016;F;15/09/2016;4.1;151
Cort5A8;Cort5;H;17/04/2016;F;NA;3.5;#VALORE!
Cort5A14;Cort5;H;17/04/2016;F;02/11/2016;3.6;199
Cort5A16;Cort5;H;17/04/2016;F;02/10/2016;4.4;168
Cort5A18;Cort5;H;17/04/2016;F;15/09/2016;3.3;151
Cort5A20;Cort5;H;17/04/2016;F;11/10/2016;2.8;177
Cort5A22;Cort5;H;17/04/2016;F;03/10/2016;3.5;169
Cort5A24;Cort5;H;17/04/2016;F;30/07/2016;NA;104
Cort5A26;Cort5;H;17/04/2016;F;22/10/2016;2.9;188
Cort5A28;Cort5;H;17/04/2016;F;26/08/2016;2.4;131
Cort5A30;Cort5;H;17/04/2016;F;18/09/2016;2.6;154
Cort5A32;Cort5;H;17/04/2016;F;01/09/2016;3.5;137
Cort5A34;Cort5;H;17/04/2016;F;15/09/2016;3.3;151
Cort5A36;Cort5;H;17/04/2016;F;29/09/2016;4;165
Cort5A38;Cort5;H;17/04/2016;F;09/08/2016;2;114
Cort5A40;Cort5;H;17/04/2016;F;12/09/2016;3.4;148
Cort5A44;Cort5;H;17/04/2016;F;21/09/2016;3.7;157
Cort5A46;Cort5;H;17/04/2016;F;11/10/2016;4.6;177
Cort5A50;Cort5;H;17/04/2016;M;19/07/2016;NA;93
Cort2A1;Cort2;C;14/04/2016;F;30/12/2016;5.4;260
Cort2A5;Cort2;C;14/04/2016;M;18/10/2016;5.6;187
Cort2A7;Cort2;C;14/04/2016;F;12/11/2016;5.3;212
Cort2A13;Cort2;C;14/04/2016;F;12/11/2016;3.4;212
Cort2A15;Cort2;C;14/04/2016;M;29/08/2016;5.3;137
Cort2A21;Cort2;C;14/04/2016;F;14/11/2016;5.3;214
Cort2A25;Cort2;C;14/04/2016;M;01/11/2016;4.7;201
Cort2A29;Cort2;C;14/04/2016;F;22/11/2016;6.7;222
Cort2A33;Cort2;C;14/04/2016;F;18/11/2016;5.5;218
Cort2A35;Cort2;C;14/04/2016;F;17/09/2016;5.1;156
Cort2A49;Cort2;C;14/04/2016;F;16/11/2016;4.5;216
Cort2A16;Cort2;H;14/04/2016;F;20/07/2016;NA;97
Cort2A18;Cort2;H;14/04/2016;F;31/08/2016;2.7;139
Cort2A28;Cort2;H;14/04/2016;F;01/06/2016;NA;48
Cort2A32;Cort2;H;14/04/2016;F;27/07/2016;NA;104
Cort2A34;Cort2;H;14/04/2016;F;12/07/2016;NA;89
Cort2A38;Cort2;H;14/04/2016;F;10/08/2016;2.3;118
Cort2A39;Cort2;H;14/04/2016;F;10/08/2016;2.8;118
Cort2A41;Cort2;H;14/04/2016;F;25/08/2016;2.9;133
Cort2A45;Cort2;H;14/04/2016;F;24/08/2016;2.9;132
Cort2A48;Cort2;H;14/04/2016;F;20/07/2016;NA;97
AvoC1B1;AvoC1;C;17/04/2016;F;09/11/2016;6.1;206
AvoC1B3;AvoC1;C;17/04/2016;F;28/02/2017;4.2;317
AvoC1B11;AvoC1;C;17/04/2016;F;18/11/2016;4.1;215
AvoC1B19;AvoC1;C;17/04/2016;M;NA;5.2;#VALORE!
AvoC1B21;AvoC1;C;17/04/2016;F;08/11/2016;3.6;205
AvoC1B23;AvoC1;C;17/04/2016;M;NA;5.5;#VALORE!
AvoC1B6;AvoC1;H;17/04/2016;F;25/08/2016;3.1;130
AvoC1B8;AvoC1;H;17/04/2016;F;30/07/2016;NA;104
AvoC1B12;AvoC1;H;17/04/2016;F;14/07/2016;NA;88
AvoC1B18;AvoC1;H;17/04/2016;F;17/08/2016;1.9;122
AvoC1B22;AvoC1;H;17/04/2016;F;16/07/2016;NA;90
AvoC1B25;AvoC1;H;17/04/2016;F;01/09/2016;3.4;137
AvoW5A9;AvoW5;C;20/04/2016;F;15/10/2016;4.6;178
AvoW5A13;AvoW5;C;20/04/2016;F;29/11/2016;5.3;223
AvoW5A15;AvoW5;C;20/04/2016;F;24/01/2017;5;279
AvoW5A17;AvoW5;C;20/04/2016;M;23/08/2016;NA;125
AvoW5A19;AvoW5;C;20/04/2016;F;NA;5.5;#VALORE!
AvoW5A21;AvoW5;C;20/04/2016;F;22/11/2016;6;216
AvoW5A23;AvoW5;C;20/04/2016;M;24/09/2016;NA;157
AvoW5A27;AvoW5;C;20/04/2016;M;12/09/2016;NA;145
AvoW5A31;AvoW5;C;20/04/2016;F;10/01/2017;4.9;265
AvoW5A33;AvoW5;C;20/04/2016;F;02/08/2016;NA;104
AvoW5A35;AvoW5;C;20/04/2016;M;11/11/2016;6.8;205
AvoW5A45;AvoW5;C;20/04/2016;M;25/10/2016;6.4;188
AvoW5A2;AvoW5;H;20/04/2016;M;04/09/2016;3.1;137
AvoW5A10;AvoW5;H;20/04/2016;F;13/09/2016;3.2;146
AvoW5A12;AvoW5;H;20/04/2016;F;26/10/2016;3.6;189
AvoW5A18;AvoW5;H;20/04/2016;F;NA;4.4;#VALORE!
AvoW5A20;AvoW5;H;20/04/2016;F;01/09/2016;3.7;134
AvoW5A22;AvoW5;H;20/04/2016;M;08/09/2016;4.2;141
AvoW5A24;AvoW5;H;20/04/2016;F;07/09/2016;3.9;140
AvoW5A26;AvoW5;H;20/04/2016;F;16/09/2016;4;149
AvoW5A28;AvoW5;H;20/04/2016;F;13/08/2016;4.8;115
AvoW5A36;AvoW5;H;20/04/2016;F;18/10/2016;4.8;181
AvoW5A38;AvoW5;H;20/04/2016;F;09/09/2016;3.7;142
AvoW5A44;AvoW5;H;20/04/2016;F;08/10/2016;4.7;171
AvoW5A46;AvoW5;H;20/04/2016;F;17/09/2016;3.1;150
HTB2A1;HTB2A;C;27/04/2016;F;NA;0.3;#VALORE!
HTB2A3;HTB2A;C;27/04/2016;F;13/07/2016;NA;77
HTB2A5;HTB2A;C;27/04/2016;M;NA;5.7;#VALORE!
HTB2A7;HTB2A;C;27/04/2016;M;NA;NA;#VALORE!
HTB2A9;HTB2A;C;27/04/2016;F;NA;5.3;#VALORE!
HTB2A11;HTB2A;C;27/04/2016;F;16/11/2016;4.7;203
HTB2A13;HTB2A;C;27/04/2016;F;27/09/2016;5.5;153
HTB2A15;HTB2A;C;27/04/2016;F;NA;3.7;#VALORE!
HTB2A18;HTB2A;C;27/04/2016;M;01/02/2017;1.6;280
HTB2A17;HTB2A;C;27/04/2016;M;20/10/2016;5.9;176
HTB2A21;HTB2A;C;27/04/2016;M;08/08/2016;NA;103
HTB2A23;HTB2A;C;27/04/2016;F;10/01/2017;5.8;258
HTB2A25;HTB2A;C;27/04/2016;M;NA;2.8;#VALORE!
HTB2A27;HTB2A;C;27/04/2016;M;27/09/2016;5.1;153
HTB2A29;HTB2A;C;27/04/2016;M;NA;3.8;#VALORE!
HTB2A31;HTB2A;C;27/04/2016;M;NA;4.2;#VALORE!
HTB2A33;HTB2A;C;27/04/2016;F;16/12/2016;5.5;233
HTB2A37;HTB2A;C;27/04/2016;F;NA;6.1;#VALORE!
HTB2A41;HTB2A;C;27/04/2016;M;01/10/2016;5.2;157
HTB2A43;HTB2A;C;27/04/2016;F;NA;5.8;#VALORE!
HTB2A47;HTB2A;C;27/04/2016;F;30/09/2016;2.9;156
HTB2A2;HTB2A;H;27/04/2016;F;13/10/2016;3.7;169
HTB2A4;HTB2A;H;27/04/2016;F;13/08/2016;2;108
HTB2A6;HTB2A;H;27/04/2016;F;29/09/2016;2.7;155
HTB2A8;HTB2A;H;27/04/2016;F;13/10/2016;3.2;169
HTB2A10;HTB2A;H;27/04/2016;F;05/09/2016;2.1;131
HTB2A12;HTB2A;H;27/04/2016;F;17/08/2016;2.3;112
HTB2A14;HTB2A;H;27/04/2016;F;13/08/2016;2.3;108
HTB2A16;HTB2A;H;27/04/2016;F;25/10/2016;1.3;181
HTB2A20;HTB2A;H;27/04/2016;F;04/07/2016;NA;68
HTB2A24;HTB2A;H;27/04/2016;F;18/08/2016;1.2;113
HTB2A28;HTB2A;H;27/04/2016;F;20/10/2016;3.3;176
HTB2A30;HTB2A;H;27/04/2016;F;10/08/2016;NA;105
HTB2A32;HTB2A;H;27/04/2016;F;14/08/2016;2.2;109
HTB2A36;HTB2A;H;27/04/2016;F;09/09/2016;1.3;135
HTB2A38;HTB2A;H;27/04/2016;F;18/10/2016;2.4;174
HTB2A40;HTB2A;H;27/04/2016;F;24/09/2016;2.2;150
HTB2A42;HTB2A;H;27/04/2016;F;30/08/2016;NA;125
HTB2A46;HTB2A;H;27/04/2016;F;11/10/2016;3.3;167
HTB2A48;HTB2A;H;27/04/2016;F;03/08/2016;NA;98
HTB2A50;HTB2A;H;27/04/2016;F;01/07/2016;NA;65
Chan6A1;Chan6;C;01/05/2016;F;30/12/2016;6.4;243
Chan6A5;Chan6;C;01/05/2016;M;07/12/2016;8.8;220
Chan6A7;Chan6;C;01/05/2016;M;13/08/2016;NA;104
Chan6A9;Chan6;C;01/05/2016;M;NA;NA;#VALORE!
Chan6A13;Chan6;C;01/05/2016;M;24/09/2016;NA;146
Chan6A15;Chan6;C;01/05/2016;M;11/12/2016;4.8;224
Chan6A17;Chan6;C;01/05/2016;F;18/10/2016;5.8;170
Chan6A21;Chan6;C;01/05/2016;F;18/10/2016;5.3;170
Chan6A23;Chan6;C;01/05/2016;M;13/09/2016;NA;135
Chan6A25;Chan6;C;01/05/2016;F;12/10/2016;5.1;164
Chan6A27;Chan6;C;01/05/2016;F;15/10/2016;4.9;167
Chan6A31;Chan6;C;01/05/2016;F;11/12/2016;4.7;224
Chan6A33;Chan6;C;01/05/2016;M;20/01/2017;NA;264
Chan6A37;Chan6;C;01/05/2016;F;25/12/2016;5;238
Chan6A39;Chan6;C;01/05/2016;M;01/08/2016;NA;92
Chan6A45;Chan6;C;01/05/2016;F;23/06/2016;NA;53
Chan6A2;Chan6;H;01/05/2016;F;11/08/2016;NA;102
Chan6A4;Chan6;H;01/05/2016;F;23/07/2016;NA;83
Chan6A6;Chan6;H;01/05/2016;F;11/09/2016;3.2;133
Chan6A8;Chan6;H;01/05/2016;F;28/08/2016;2.4;119
Chan6A16;Chan6;H;01/05/2016;F;13/10/2016;4.5;165
Chan6A18;Chan6;H;01/05/2016;F;30/08/2016;2.3;121
Chan6A20;Chan6;H;01/05/2016;F;27/09/2016;2.9;149
Chan6A22;Chan6;H;01/05/2016;M;02/09/2016;2.7;124
Chan6A28;Chan6;H;01/05/2016;F;23/09/2016;3.2;145
Chan6A30;Chan6;H;01/05/2016;F;08/07/2016;NA;68
Chan6A34;Chan6;H;01/05/2016;F;13/10/2016;3.5;165
Chan6A36;Chan6;H;01/05/2016;F;19/07/2016;NA;79
Chan6A38;Chan6;H;01/05/2016;F;27/07/2016;NA;87
Chan6A42;Chan6;H;01/05/2016;F;20/09/2016;2.9;142
Chan6A44;Chan6;H;01/05/2016;F;16/09/2016;2.8;138
Chan6A47;Chan6;H;01/05/2016;F;23/07/2016;NA;83
Chan6A50;Chan6;H;01/05/2016;F;27/07/2016;NA;87
SBF3A3;SBF3A;C;15/05/2016;M;NA;7.4;#VALORE!
SBF3A5;SBF3A;C;15/05/2016;M;03/10/2016;NA;141
SBF3A7;SBF3A;C;15/05/2016;M;18/11/2016;5.9;187
SBF3A9;SBF3A;C;15/05/2016;M;07/10/2016;6.9;145
SBF3A11;SBF3A;C;15/05/2016;M;20/11/2016;NA;189
SBF3A13;SBF3A;C;15/05/2016;M;28/01/2017;5.8;258
SBF3A15;SBF3A;C;15/05/2016;M;15/09/2016;NA;123
SBF3A17;SBF3A;C;15/05/2016;F;20/11/2016;5.9;189
SBF3A19;SBF3A;C;15/05/2016;M;27/09/2016;NA;135
SBF3A21;SBF3A;C;15/05/2016;F;20/11/2016;4.4;189
SBF3A23;SBF3A;C;15/05/2016;M;29/12/2016;6.1;228
SBF3A25;SBF3A;C;15/05/2016;F;28/09/2016;6.1;136
SBF3A27;SBF3A;C;15/05/2016;M;13/11/2016;NA;182
SBF3A29;SBF3A;C;15/05/2016;M;19/10/2016;NA;157
SBF3A31;SBF3A;C;15/05/2016;F;03/12/2016;6.5;202
SBF3A33;SBF3A;C;15/05/2016;M;10/11/2016;NA;179
SBF3A35;SBF3A;C;15/05/2016;F;11/07/2016;NA;57
SBF3A37;SBF3A;C;15/05/2016;M;17/10/2016;5.4;155
SBF3A39;SBF3A;C;15/05/2016;M;13/10/2016;NA;151
SBF3A41;SBF3A;C;15/05/2016;M;22/09/2016;NA;130
SBF3A43;SBF3A;C;15/05/2016;M;19/10/2016;NA;157
SBF3A48;SBF3A;C;15/05/2016;M;03/12/2016;NA;202
SBF3A50;SBF3A;C;15/05/2016;F;15/12/2016;3.8;214
SBF3A1;SBF3A;H;15/05/2016;F;12/09/2016;3.1;120
SBF3A4;SBF3A;H;15/05/2016;F;22/11/2016;4.3;191
SBF3A6;SBF3A;H;15/05/2016;F;11/08/2016;NA;88
SBF3A8;SBF3A;H;15/05/2016;M;07/09/2016;NA;115
SBF3A10;SBF3A;H;15/05/2016;F;05/08/2016;NA;82
SBF3A12;SBF3A;H;15/05/2016;F;06/09/2016;3.4;114
SBF3A14;SBF3A;H;15/05/2016;F;24/07/2016;NA;70
SBF3A16;SBF3A;H;15/05/2016;F;25/08/2016;NA;102
SBF3A18;SBF3A;H;15/05/2016;F;22/09/2016;4;130
SBF3A20;SBF3A;H;15/05/2016;F;03/09/2016;3.1;111
SBF3A22;SBF3A;H;15/05/2016;F;22/09/2016;4.5;130
SBF3A24;SBF3A;H;15/05/2016;F;25/10/2016;5;163
SBF3A26;SBF3A;H;15/05/2016;M;11/09/2016;NA;119
SBF3A28;SBF3A;H;15/05/2016;F;13/09/2016;3.3;121
SBF3A30;SBF3A;H;15/05/2016;F;12/09/2016;NA;120
SBF3A32;SBF3A;H;15/05/2016;F;05/09/2016;NA;113
SBF3A34;SBF3A;H;15/05/2016;F;02/08/2016;NA;79
SBF3A36;SBF3A;H;15/05/2016;F;04/08/2016;NA;81
SBF3A38;SBF3A;H;15/05/2016;F;15/09/2016;NA;123
SBF3A40;SBF3A;H;15/05/2016;F;12/09/2016;3.8;120
SBF3A42;SBF3A;H;15/05/2016;F;NA;NA;#VALORE!
SBF3A44;SBF3A;H;15/05/2016;M;08/09/2016;NA;116
SBF3A46;SBF3A;H;15/05/2016;F;22/10/2016;3.9;160
Chan1A1;Chan1;C;19/05/2016;M;03/12/2016;4.8;198
Chan1A3;Chan1;C;19/05/2016;M;26/10/2016;NA;160
Chan1A5;Chan1;C;19/05/2016;M;22/08/2016;NA;95
Chan1A7;Chan1;C;19/05/2016;M;15/11/2016;5.4;180
Chan1A13;Chan1;C;19/05/2016;M;NA;5;#VALORE!
Chan1A15;Chan1;C;19/05/2016;M;28/11/2016;4.2;193
Chan1A17;Chan1;C;19/05/2016;M;NA;6.1;#VALORE!
Chan1A19;Chan1;C;19/05/2016;M;NA;NA;#VALORE!
Chan1A21;Chan1;C;19/05/2016;M;NA;4.8;#VALORE!
Chan1A23;Chan1;C;19/05/2016;M;NA;5.3;#VALORE!
Chan1A25;Chan1;C;19/05/2016;M;29/11/2016;4.9;194
Chan1A29;Chan1;C;19/05/2016;M;NA;NA;#VALORE!
Chan1A35;Chan1;C;19/05/2016;M;15/11/2016;6.2;180
Chan1A37;Chan1;C;19/05/2016;F;15/12/2016;4.6;210
Chan1A39;Chan1;C;19/05/2016;M;NA;5.7;#VALORE!
Chan1A41;Chan1;C;19/05/2016;F;29/11/2016;6.1;194
Chan1A43;Chan1;C;19/05/2016;F;10/11/2016;5.8;175
Chan1A45;Chan1;C;19/05/2016;M;08/11/2016;6.1;173
Chan1A46;Chan1;C;19/05/2016;F;30/11/2016;NA;195
Chan1A47;Chan1;C;19/05/2016;M;NA;4.1;#VALORE!
Chan1A2;Chan1;H;19/05/2016;F;31/08/2016;NA;104
Chan1A4;Chan1;H;19/05/2016;M;24/09/2016;NA;128
Chan1A6;Chan1;H;19/05/2016;F;25/11/2016;5.1;190
Chan1A8;Chan1;H;19/05/2016;F;24/09/2016;3;128
Chan1A10;Chan1;H;19/05/2016;M;07/09/2016;NA;111
Chan1A14;Chan1;H;19/05/2016;F;27/09/2016;3.8;131
Chan1A16;Chan1;H;19/05/2016;F;16/09/2016;4.1;120
Chan1A18;Chan1;H;19/05/2016;F;15/09/2016;3.2;119
Chan1A20;Chan1;H;19/05/2016;F;15/09/2016;3.6;119
Chan1A22;Chan1;H;19/05/2016;F;22/09/2016;4.4;126
Chan1A26;Chan1;H;19/05/2016;M;21/09/2016;NA;125
Chan1A28;Chan1;H;19/05/2016;F;19/09/2016;2.8;123
Chan1A32;Chan1;H;19/05/2016;F;09/09/2016;2.8;113
Chan1A34;Chan1;H;19/05/2016;F;18/10/2016;3.3;152
Chan1A36;Chan1;H;19/05/2016;F;NA;4;#VALORE!
Chan1A38;Chan1;H;19/05/2016;F;05/08/2016;NA;78
Chan1A40;Chan1;H;19/05/2016;F;30/08/2016;NA;103
Chan1A42;Chan1;H;19/05/2016;F;28/10/2016;3.7;162
Chan1A44;Chan1;H;19/05/2016;F;30/10/2016;4;164
AvoW8A1;AvoW8;C;01/06/2016;F;01/11/2016;6.1;153
AvoW8A3;AvoW8;C;01/06/2016;F;NA;5.5;#VALORE!
AvoW8A5;AvoW8;C;01/06/2016;F;NA;6;#VALORE!
AvoW8A7;AvoW8;C;01/06/2016;F;09/02/2017;5.2;253
AvoW8A9;AvoW8;C;01/06/2016;M;NA;6.4;#VALORE!
AvoW8A11;AvoW8;C;01/06/2016;F;NA;6.4;#VALORE!
AvoW8A13;AvoW8;C;01/06/2016;F;25/12/2016;5;207
AvoW8A15;AvoW8;C;01/06/2016;F;18/12/2016;5.7;200
AvoW8A17;AvoW8;C;01/06/2016;F;27/10/2016;5.5;148
AvoW8A19;AvoW8;C;01/06/2016;F;25/01/2017;6.7;238
AvoW8A21;AvoW8;C;01/06/2016;F;29/09/2016;3.6;120
AvoW8A23;AvoW8;C;01/06/2016;F;16/01/2017;5.6;229
AvoW8A25;AvoW8;C;01/06/2016;M;NA;NA;#VALORE!
AvoW8A27;AvoW8;C;01/06/2016;F;NA;6.1;#VALORE!
AvoW8A31;AvoW8;C;01/06/2016;M;21/02/2017;5.7;265
AvoW8A33;AvoW8;C;01/06/2016;F;01/11/2016;5.9;153
AvoW8A35;AvoW8;C;01/06/2016;F;NA;6.5;#VALORE!
AvoW8A39;AvoW8;C;01/06/2016;F;18/12/2016;4.6;200
AvoW8A41;AvoW8;C;01/06/2016;F;16/12/2016;5.4;198
AvoW8A43;AvoW8;C;01/06/2016;M;06/02/2017;NA;250
AvoW8A45;AvoW8;C;01/06/2016;M;14/02/2017;NA;258
AvoW8A4;AvoW8;H;01/06/2016;F;23/09/2016;NA;114
AvoW8A6;AvoW8;H;01/06/2016;F;18/11/2016;3;170
AvoW8A8;AvoW8;H;01/06/2016;F;13/11/2016;2.8;165
AvoW8A10;AvoW8;H;01/06/2016;F;24/09/2016;2.1;115
AvoW8A12;AvoW8;H;01/06/2016;F;11/10/2016;2.4;132
AvoW8A14;AvoW8;H;01/06/2016;F;21/10/2016;4.2;142
AvoW8A16;AvoW8;H;01/06/2016;F;13/11/2016;3.4;165
AvoW8A18;AvoW8;H;01/06/2016;F;27/11/2016;4;179
AvoW8A24;AvoW8;H;01/06/2016;F;19/11/2016;3.6;171
AvoW8A26;AvoW8;H;01/06/2016;F;03/11/2016;2.9;155
AvoW8A28;AvoW8;H;01/06/2016;F;16/11/2016;3.5;168
AvoW8A32;AvoW8;H;01/06/2016;M;26/10/2016;3.9;147
AvoW8A34;AvoW8;H;01/06/2016;F;13/10/2016;3;134
AvoW8A36;AvoW8;H;01/06/2016;F;07/11/2016;2.8;159
AvoW8A38;AvoW8;H;01/06/2016;F;26/09/2016;3.1;117
AvoW8A40;AvoW8;H;01/06/2016;F;16/09/2016;NA;107
AvoW8A42;AvoW8;H;01/06/2016;F;05/12/2016;3.3;187
AvoW8A46;AvoW8;H;01/06/2016;F;12/09/2016;NA;103
AvoW8A47;AvoW8;H;01/06/2016;F;16/09/2016;NA;107
AvoW8A48;AvoW8;H;01/06/2016;F;15/09/2016;NA;106
AvoW8A49;AvoW8;H;01/06/2016;F;29/09/2016;3;120
AvoW8A50;AvoW8;H;01/06/2016;F;18/09/2016;NA;109
ELC1A1;ELC1A;C;04/06/2016;M;NA;NA;#VALORE!
ELC1A3;ELC1A;C;04/06/2016;M;06/12/2016;6.5;185
ELC1A5;ELC1A;C;04/06/2016;M;11/11/2016;NA;160
ELC1A7;ELC1A;C;04/06/2016;M;NA;5.6;#VALORE!
ELC1A11;ELC1A;C;04/06/2016;M;11/10/2016;NA;129
ELC1A13;ELC1A;C;04/06/2016;F;02/12/2016;4.4;181
ELC1A15;ELC1A;C;04/06/2016;M;19/10/2016;3.9;137
ELC1A19;ELC1A;C;04/06/2016;F;NA;5.6;#VALORE!
ELC1A27;ELC1A;C;04/06/2016;M;NA;NA;#VALORE!
ELC1A29;ELC1A;C;04/06/2016;M;21/09/2016;NA;109
ELC1A31;ELC1A;C;04/06/2016;M;NA;NA;#VALORE!
ELC1A33;ELC1A;C;04/06/2016;F;17/09/2016;NA;105
ELC1A37;ELC1A;C;04/06/2016;F;12/10/2016;5.3;130
ELC1A41;ELC1A;C;04/06/2016;F;NA;4.6;#VALORE!
ELC1A43;ELC1A;C;04/06/2016;F;25/12/2016;5.9;204
ELC1A45;ELC1A;C;04/06/2016;M;14/11/2016;5.1;163
ELC1A47;ELC1A;C;04/06/2016;M;15/11/2016;NA;164
ELC1A48;ELC1A;C;04/06/2016;M;NA;4.2;#VALORE!
ELC1A49;ELC1A;C;04/06/2016;M;25/01/2017;NA;235
ELC1A50;ELC1A;C;04/06/2016;M;19/10/2016;NA;137
ELC1A2;ELC1A;H;04/06/2016;F;06/10/2016;2.6;124
ELC1A4;ELC1A;H;04/06/2016;F;17/08/2016;NA;74
ELC1A6;ELC1A;H;04/06/2016;F;22/09/2016;NA;110
ELC1A8;ELC1A;H;04/06/2016;F;05/09/2016;NA;93
ELC1A10;ELC1A;H;04/06/2016;F;03/09/2016;NA;91
ELC1A12;ELC1A;H;04/06/2016;F;13/12/2016;4.7;192
ELC1A14;ELC1A;H;04/06/2016;F;05/09/2016;NA;93
ELC1A16;ELC1A;H;04/06/2016;F;11/11/2016;4.3;160
ELC1A18;ELC1A;H;04/06/2016;F;05/09/2016;NA;93
ELC1A20;ELC1A;H;04/06/2016;F;05/10/2016;3;123
ELC1A26;ELC1A;H;04/06/2016;M;16/09/2016;NA;104
ELC1A28;ELC1A;H;04/06/2016;F;18/09/2016;NA;106
ELC1A30;ELC1A;H;04/06/2016;F;09/09/2016;NA;97
ELC1A32;ELC1A;H;04/06/2016;F;13/09/2016;NA;101
ELC1A34;ELC1A;H;04/06/2016;F;04/09/2016;NA;92
ELC1A38;ELC1A;H;04/06/2016;F;03/12/2016;3.3;182
ELC1A40;ELC1A;H;04/06/2016;F;11/10/2016;3;129
ELC1A42;ELC1A;H;04/06/2016;F;16/08/2016;NA;73
ELC1A44;ELC1A;H;04/06/2016;F;18/09/2016;NA;106
ELC1A46;ELC1A;H;04/06/2016;F;14/12/2016;3.6;193
AvoW13A3;AvoW13;C;04/06/2016;F;13/12/2016;4.6;192
AvoW13A5;AvoW13;C;04/06/2016;M;NA;NA;#VALORE!
AvoW13A7;AvoW13;C;04/06/2016;F;03/01/2017;NA;213
AvoW13A11;AvoW13;C;04/06/2016;F;17/08/2016;NA;74
AvoW13A13;AvoW13;C;04/06/2016;M;28/09/2016;NA;116
AvoW13A15;AvoW13;C;04/06/2016;F;03/11/2016;4.1;152
AvoW13A17;AvoW13;C;04/06/2016;F;12/08/2016;NA;69
AvoW13A19;AvoW13;C;04/06/2016;F;12/01/2017;5.7;222
AvoW13A21;AvoW13;C;04/06/2016;M;27/10/2016;5.8;145
AvoW13A23;AvoW13;C;04/06/2016;F;27/02/2017;5.8;268
AvoW13A27;AvoW13;C;04/06/2016;F;01/12/2016;4.3;180
AvoW13A29;AvoW13;C;04/06/2016;M;30/01/2017;NA;240
AvoW13A31;AvoW13;C;04/06/2016;M;30/01/2017;4.9;240
AvoW13A33;AvoW13;C;04/06/2016;F;26/09/2016;4.5;114
AvoW13A35;AvoW13;C;04/06/2016;M;18/10/2016;NA;136
AvoW13A37;AvoW13;C;04/06/2016;F;26/09/2016;4.2;114
AvoW13A39;AvoW13;C;04/06/2016;M;08/10/2016;5.5;126
AvoW13A41;AvoW13;C;04/06/2016;F;NA;5.5;#VALORE!
AvoW13A43;AvoW13;C;04/06/2016;F;07/12/2016;5.7;186
AvoW13A45;AvoW13;C;04/06/2016;F;NA;6.1;#VALORE!
AvoW13A47;AvoW13;C;04/06/2016;F;22/12/2016;5.3;201
AvoW13A49;AvoW13;C;04/06/2016;F;14/09/2016;NA;102
AvoW13A2;AvoW13;H;04/06/2016;F;20/08/2016;NA;77
AvoW13A4;AvoW13;H;04/06/2016;F;21/08/2016;3.7;78
AvoW13A6;AvoW13;H;04/06/2016;F;22/08/2016;NA;79
AvoW13A8;AvoW13;H;04/06/2016;F;23/08/2016;NA;80
AvoW13A10;AvoW13;H;04/06/2016;F;24/08/2016;NA;81
AvoW13A14;AvoW13;H;04/06/2016;F;25/08/2016;NA;82
AvoW13A16;AvoW13;H;04/06/2016;F;26/08/2016;NA;83
AvoW13A18;AvoW13;H;04/06/2016;F;27/08/2016;NA;84
AvoW13A22;AvoW13;H;04/06/2016;F;28/08/2016;3.3;85
AvoW13A24;AvoW13;H;04/06/2016;F;29/08/2016;NA;86
AvoW13A26;AvoW13;H;04/06/2016;F;30/08/2016;NA;87
AvoW13A28;AvoW13;H;04/06/2016;F;31/08/2016;NA;88
AvoW13A30;AvoW13;H;04/06/2016;F;01/09/2016;NA;89
AvoW13A32;AvoW13;H;04/06/2016;F;02/09/2016;2.1;90
AvoW13A34;AvoW13;H;04/06/2016;F;03/09/2016;NA;91
AvoW13A36;AvoW13;H;04/06/2016;F;04/09/2016;3.9;92
AvoW13A38;AvoW13;H;04/06/2016;F;05/09/2016;NA;93
AvoW13A40;AvoW13;H;04/06/2016;F;06/09/2016;NA;94
AvoW13A42;AvoW13;H;04/06/2016;F;07/09/2016;NA;95
AvoW13A44;AvoW13;H;04/06/2016;F;08/09/2016;NA;96
AvoW13A46;AvoW13;H;04/06/2016;F;09/09/2016;NA;97
AvoW13A48;AvoW13;H;04/06/2016;F;13/11/2016;3.6;162
AvoW13A50;AvoW13;H;04/06/2016;F;12/08/2016;NA;69
Oli5A1;Oli5A;C;05/06/2016;F;25/12/2016;4.4;203
Oli5A11;Oli5A;C;05/06/2016;M;11/01/2017;NA;220
Oli5A15;Oli5A;C;05/06/2016;F;25/10/2016;5.6;142
Oli5A17;Oli5A;C;05/06/2016;F;30/12/2016;6.5;208
Oli5A19;Oli5A;C;05/06/2016;F;18/10/2016;5.3;135
Oli5A21;Oli5A;C;05/06/2016;M;16/09/2016;NA;103
Oli5A25;Oli5A;C;05/06/2016;F;28/12/2016;5.9;206
Oli5A37;Oli5A;C;05/06/2016;F;08/08/2016;NA;64
Oli5A43;Oli5A;C;05/06/2016;F;30/10/2016;5.4;147
Oli5A45;Oli5A;C;05/06/2016;F;30/09/2016;3.6;117
Oli5A47;Oli5A;C;05/06/2016;F;13/10/2016;5.3;130
Oli5A49;Oli5A;C;05/06/2016;F;30/09/2016;4.1;117
Oli5A50;Oli5A;C;05/06/2016;M;20/10/2016;5.6;137
Oli5A2;Oli5A;H;05/06/2016;F;10/09/2016;NA;97
Oli5A6;Oli5A;H;05/06/2016;F;23/09/2016;NA;110
Oli5A12;Oli5A;H;05/06/2016;F;10/09/2016;NA;97
Oli5A14;Oli5A;H;05/06/2016;F;26/08/2016;NA;82
Oli5A16;Oli5A;H;05/06/2016;F;07/09/2016;NA;94
Oli5A18;Oli5A;H;05/06/2016;F;04/10/2016;2;121
Oli5A24;Oli5A;H;05/06/2016;F;23/08/2016;NA;79
Oli5A28;Oli5A;H;05/06/2016;F;04/11/2016;3.4;152
Oli5A34;Oli5A;H;05/06/2016;F;19/08/2016;NA;75
Oli5A36;Oli5A;H;05/06/2016;F;NA;NA;#VALORE!
Oli5A38;Oli5A;H;05/06/2016;F;24/09/2016;NA;111
Oli5A42;Oli5A;H;05/06/2016;F;08/10/2016;2.5;125
Oli5A46;Oli5A;H;05/06/2016;F;24/08/2016;NA;80
Oli3A1;Oli3A;C;11/06/2016;M;10/11/2016;NA;152
Oli3A3;Oli3A;C;11/06/2016;M;12/09/2016;NA;93
Oli3A5;Oli3A;C;11/06/2016;M;11/09/2016;NA;92
Oli3A9;Oli3A;C;11/06/2016;F;NA;4;#VALORE!
Oli3A13;Oli3A;C;11/06/2016;M;22/09/2016;NA;103
Oli3A15;Oli3A;C;11/06/2016;M;NA;5.2;#VALORE!
Oli3A17;Oli3A;C;11/06/2016;M;NA;NA;#VALORE!
Oli3A19;Oli3A;C;11/06/2016;M;NA;NA;#VALORE!
Oli3A23;Oli3A;C;11/06/2016;F;21/12/2016;4.5;193
Oli3A25;Oli3A;C;11/06/2016;F;13/02/2017;5.3;247
Oli3A27;Oli3A;C;11/06/2016;F;NA;NA;#VALORE!
Oli3A29;Oli3A;C;11/06/2016;F;NA;3.8;#VALORE!
Oli3A31;Oli3A;C;11/06/2016;M;NA;4.4;#VALORE!
Oli3A35;Oli3A;C;11/06/2016;F;05/12/2016;5.3;177
Oli3A37;Oli3A;C;11/06/2016;M;NA;NA;#VALORE!
Oli3A39;Oli3A;C;11/06/2016;F;19/10/2016;3.5;130
Oli3A43;Oli3A;C;11/06/2016;F;NA;5;#VALORE!
Oli3A50;Oli3A;C;11/06/2016;F;27/07/2016;NA;46
Oli3A2;Oli3A;H;11/06/2016;F;20/11/2016;3.2;162
Oli3A6;Oli3A;H;11/06/2016;F;06/08/2016;NA;56
Oli3A8;Oli3A;H;11/06/2016;F;06/12/2016;3.5;178
Oli3A12;Oli3A;H;11/06/2016;F;08/12/2016;3.3;180
Oli3A14;Oli3A;H;11/06/2016;F;20/11/2016;3.9;162
Oli3A16;Oli3A;H;11/06/2016;F;04/11/2016;3.2;146
Oli3A22;Oli3A;H;11/06/2016;F;27/07/2016;NA;46
Oli3A24;Oli3A;H;11/06/2016;F;31/12/2017;3.6;568
Oli3A26;Oli3A;H;11/06/2016;M;16/11/2016;4.2;158
Oli3A28;Oli3A;H;11/06/2016;F;27/07/2016;NA;46
Oli3A30;Oli3A;H;11/06/2016;F;18/12/2016;1.7;190
Oli3A32;Oli3A;H;11/06/2016;M;26/10/2016;3.2;137
Oli3A34;Oli3A;H;11/06/2016;F;18/11/2016;2.6;160
Oli3A36;Oli3A;H;11/06/2016;F;21/11/2016;2.5;163
Oli3A38;Oli3A;H;11/06/2016;F;04/11/2016;2.6;146
Oli3A40;Oli3A;H;11/06/2016;F;20/09/2016;NA;101
Oli3A42;Oli3A;H;11/06/2016;F;28/07/2016;NA;47
Oli3A44;Oli3A;H;11/06/2016;F;19/12/2016;2.3;191
Oli3A48;Oli3A;H;11/06/2016;F;08/11/2016;2.6;150
SBF2A1;SBF2A;C;11/06/2016;M;07/12/2016;NA;179
SBF2A3;SBF2A;C;11/06/2016;M;05/11/2016;5.9;147
SBF2A5;SBF2A;C;11/06/2016;F;18/12/2016;5.1;190
SBF2A7;SBF2A;C;11/06/2016;M;11/12/2016;5.5;183
SBF2A9;SBF2A;C;11/06/2016;F;20/12/2016;5.3;192
SBF2A11;SBF2A;C;11/06/2016;M;31/12/2016;6.1;203
SBF2A13;SBF2A;C;11/06/2016;M;23/11/2016;6;165
SBF2A15;SBF2A;C;11/06/2016;F;25/12/2016;5.5;197
SBF2A17;SBF2A;C;11/06/2016;M;11/10/2016;NA;122
SBF2A19;SBF2A;C;11/06/2016;F;01/12/2016;6.1;173
SBF2A21;SBF2A;C;11/06/2016;M;07/12/2016;6.4;179
SBF2A27;SBF2A;C;11/06/2016;M;29/11/2016;5.5;171
SBF2A29;SBF2A;C;11/06/2016;F;16/11/2016;5.2;158
SBF2A31;SBF2A;C;11/06/2016;F;14/12/2016;5.5;186
SBF2A33;SBF2A;C;11/06/2016;F;11/11/2016;5.5;153
SBF2A35;SBF2A;C;11/06/2016;M;26/10/2016;4.8;137
SBF2A37;SBF2A;C;11/06/2016;F;10/10/2016;2.9;121
SBF2A39;SBF2A;C;11/06/2016;F;25/10/2016;5.2;136
SBF2A41;SBF2A;C;11/06/2016;F;22/10/2016;4.7;133
SBF2A43;SBF2A;C;11/06/2016;F;17/08/2016;NA;67
SBF2A45;SBF2A;C;11/06/2016;F;22/11/2016;5;164
SBF2A47;SBF2A;C;11/06/2016;F;NA;NA;#VALORE!
SBF2A49;SBF2A;C;11/06/2016;M;14/11/2016;4.2;156
SBF2A2;SBF2A;H;11/06/2016;F;30/08/2016;NA;80
SBF2A4;SBF2A;H;11/06/2016;F;01/09/2016;NA;82
SBF2A6;SBF2A;H;11/06/2016;F;26/09/2016;2.1;107
SBF2A8;SBF2A;H;11/06/2016;F;06/09/2016;NA;87
SBF2A10;SBF2A;H;11/06/2016;F;05/09/2016;NA;86
SBF2A12;SBF2A;H;11/06/2016;F;NA;NA;#VALORE!
SBF2A14;SBF2A;H;11/06/2016;F;29/08/2016;NA;79
SBF2A16;SBF2A;H;11/06/2016;M;15/09/2016;NA;96
SBF2A18;SBF2A;H;11/06/2016;F;24/08/2016;NA;74
SBF2A20;SBF2A;H;11/06/2016;F;19/08/2016;NA;69
SBF2A22;SBF2A;H;11/06/2016;F;27/08/2016;NA;77
SBF2A24;SBF2A;H;11/06/2016;F;06/10/2016;2.3;117
SBF2A26;SBF2A;H;11/06/2016;F;17/10/2016;3.5;128
SBF2A28;SBF2A;H;11/06/2016;F;01/08/2016;NA;51
SBF2A32;SBF2A;H;11/06/2016;F;19/09/2016;NA;100
SBF2A34;SBF2A;H;11/06/2016;F;06/09/2016;NA;87
SBF2A36;SBF2A;H;11/06/2016;F;27/08/2016;NA;77
SBF2A38;SBF2A;H;11/06/2016;F;25/08/2016;NA;75
SBF2A40;SBF2A;H;11/06/2016;F;30/08/2016;NA;80
SBF2A42;SBF2A;H;11/06/2016;F;02/09/2016;NA;83
SBF2A44;SBF2A;H;11/06/2016;F;28/08/2016;NA;78
SBF2A46;SBF2A;H;11/06/2016;F;15/09/2016;NA;96
SBF2A50;SBF2A;H;11/06/2016;F;03/08/2016;NA;53
GCC3A1;GCC3A;C;13/06/2016;M;NA;6;#VALORE!
GCC3A3;GCC3A;C;13/06/2016;F;01/02/2017;5.2;233
GCC3A5;GCC3A;C;13/06/2016;M;27/01/2017;NA;228
GCC3A7;GCC3A;C;13/06/2016;M;03/12/2016;6.4;173
GCC3A9;GCC3A;C;13/06/2016;M;14/11/2016;6.3;154
GCC3A11;GCC3A;C;13/06/2016;M;04/11/2016;NA;144
GCC3A13;GCC3A;C;13/06/2016;M;22/10/2016;NA;131
GCC3A15;GCC3A;C;13/06/2016;M;12/10/2016;NA;121
GCC3A17;GCC3A;C;13/06/2016;M;27/10/2016;NA;136
GCC3A19;GCC3A;C;13/06/2016;M;27/12/2016;NA;197
GCC3A23;GCC3A;C;13/06/2016;M;NA;NA;#VALORE!
GCC3A25;GCC3A;C;13/06/2016;M;09/12/2016;6.3;179
GCC3A27;GCC3A;C;13/06/2016;M;27/01/2017;6.5;228
GCC3A29;GCC3A;C;13/06/2016;M;30/10/2016;5.9;139
GCC3A31;GCC3A;C;13/06/2016;M;25/10/2016;5.6;134
GCC3A33;GCC3A;C;13/06/2016;M;21/12/2016;NA;191
GCC3A35;GCC3A;C;13/06/2016;M;25/09/2016;NA;104
GCC3A37;GCC3A;C;13/06/2016;M;01/11/2016;5.9;141
GCC3A39;GCC3A;C;13/06/2016;M;25/09/2016;NA;104
GCC3A41;GCC3A;C;13/06/2016;F;18/01/2017;4.3;219
GCC3A43;GCC3A;C;13/06/2016;F;11/12/2016;6.5;181
GCC3A45;GCC3A;C;13/06/2016;F;03/01/2017;4.8;204
GCC3A2;GCC3A;H;13/06/2016;F;07/12/2016;5.2;177
GCC3A4;GCC3A;H;13/06/2016;F;17/09/2016;NA;96
GCC3A6;GCC3A;H;13/06/2016;M;16/09/2016;NA;95
GCC3A8;GCC3A;H;13/06/2016;F;01/11/2016;4.2;141
GCC3A10;GCC3A;H;13/06/2016;F;20/11/2016;3.1;160
GCC3A12;GCC3A;H;13/06/2016;M;09/10/2016;NA;118
GCC3A14;GCC3A;H;13/06/2016;F;20/09/2016;NA;99
GCC3A16;GCC3A;H;13/06/2016;F;07/09/2016;NA;86
GCC3A18;GCC3A;H;13/06/2016;F;02/08/2016;NA;50
GCC3A22;GCC3A;H;13/06/2016;F;13/09/2016;NA;92
GCC3A24;GCC3A;H;13/06/2016;M;30/09/2016;NA;109
GCC3A28;GCC3A;H;13/06/2016;M;03/10/2016;NA;112
GCC3A30;GCC3A;H;13/06/2016;F;NA;2.7;#VALORE!
GCC3A34;GCC3A;H;13/06/2016;M;12/10/2016;3.8;121
GCC3A38;GCC3A;H;13/06/2016;F;01/12/2016;3.3;171
GCC3A40;GCC3A;H;13/06/2016;F;17/09/2016;NA;96
GCC3A42;GCC3A;H;13/06/2016;F;04/10/2016;3.2;113
GCC3A44;GCC3A;H;13/06/2016;F;11/10/2016;2.7;120
GCC3A46;GCC3A;H;13/06/2016;F;11/11/2016;2.6;151
GCC3A47;GCC3A;H;13/06/2016;F;NA;NA;#VALORE!
GCC3A48;GCC3A;H;13/06/2016;M;03/11/2016;NA;143
GCC3A49;GCC3A;H;13/06/2016;M;23/09/2016;NA;102
GCC3A50;GCC3A;H;13/06/2016;F;21/10/2016;3.5;130
GCC1A1;GCC1A;C;19/06/2016;F;13/08/2016;NA;55
GCC1A5;GCC1A;C;19/06/2016;M;02/01/2017;6.9;197
GCC1A7;GCC1A;C;19/06/2016;F;NA;5.7;#VALORE!
GCC1A11;GCC1A;C;19/06/2016;F;19/12/2016;4.7;183
GCC1A13;GCC1A;C;19/06/2016;F;NA;5.8;#VALORE!
GCC1A17;GCC1A;C;19/06/2016;M;19/12/2016;4.9;183
GCC1A23;GCC1A;C;19/06/2016;M;NA;6.3;#VALORE!
GCC1A25;GCC1A;C;19/06/2016;F;NA;6.1;#VALORE!
GCC1A29;GCC1A;C;19/06/2016;M;05/12/2016;5.6;169
GCC1A37;GCC1A;C;19/06/2016;F;NA;4.9;#VALORE!
GCC1A46;GCC1A;C;19/06/2016;F;11/02/2017;5.4;237
GCC1A47;GCC1A;C;19/06/2016;F;11/12/2016;6.5;175
GCC1A48;GCC1A;C;19/06/2016;F;05/01/2017;4.8;200
GCC1A50;GCC1A;C;19/06/2016;M;28/01/2017;6.1;223
GCC1A2;GCC1A;H;19/06/2016;F;20/01/2017;5.8;215
GCC1A6;GCC1A;H;19/06/2016;F;22/08/2016;NA;64
GCC1A10;GCC1A;H;19/06/2016;F;23/12/2016;4.9;187
GCC1A12;GCC1A;H;19/06/2016;F;20/10/2016;3.1;123
GCC1A20;GCC1A;H;19/06/2016;F;31/10/2016;3.8;134
GCC1A22;GCC1A;H;19/06/2016;F;30/11/2016;3.9;164
GCC1A24;GCC1A;H;19/06/2016;F;05/12/2016;4.9;169
GCC1A26;GCC1A;H;19/06/2016;F;16/11/2016;3.8;150
GCC1A28;GCC1A;H;19/06/2016;F;12/08/2016;NA;54
GCC1A32;GCC1A;H;19/06/2016;F;27/11/2016;4.3;161
GCC1A38;GCC1A;H;19/06/2016;F;NA;3.8;#VALORE!
GCC1A40;GCC1A;H;19/06/2016;F;28/09/2016;NA;101
GCC1A42;GCC1A;H;19/06/2016;F;27/09/2016;NA;100
GCC1A44;GCC1A;H;19/06/2016;F;22/11/2016;3.8;156
Cort8A1;Cort8;C;22/06/2016;M;26/10/2016;NA;126
Cort8A5;Cort8;C;22/06/2016;F;21/11/2016;4.3;152
Cort8A7;Cort8;C;22/06/2016;F;16/01/2017;4.8;208
Cort8A9;Cort8;C;22/06/2016;M;NA;6;#VALORE!
Cort8A11;Cort8;C;22/06/2016;M;13/11/2016;NA;144
Cort8A13;Cort8;C;22/06/2016;M;06/12/2016;4.3;167
Cort8A15;Cort8;C;22/06/2016;M;NA;5.5;#VALORE!
Cort8A17;Cort8;C;22/06/2016;M;14/11/2016;4.3;145
Cort8A19;Cort8;C;22/06/2016;M;02/12/2016;5.1;163
Cort8A23;Cort8;C;22/06/2016;F;13/09/2016;NA;83
Cort8A25;Cort8;C;22/06/2016;M;01/11/2016;NA;132
Cort8A29;Cort8;C;22/06/2016;F;25/08/2016;NA;64
Cort8A31;Cort8;C;22/06/2016;M;21/01/2017;4.9;213
Cort8A35;Cort8;C;22/06/2016;F;03/11/2016;5.4;134
Cort8A37;Cort8;C;22/06/2016;F;NA;5.9;#VALORE!
Cort8A39;Cort8;C;22/06/2016;M;02/12/2016;4.5;163
Cort8A41*;Cort8;C;22/06/2016;M;20/11/2016;5;151
Cort8A43;Cort8;C;22/06/2016;F;NA;NA;#VALORE!
Cort8A2;Cort8;H;22/06/2016;F;09/08/2016;NA;48
Cort8A4;Cort8;H;22/06/2016;M;20/11/2016;NA;151
Cort8A6;Cort8;H;22/06/2016;F;29/10/2016;2.9;129
Cort8A8;Cort8;H;22/06/2016;F;26/10/2016;2.9;126
Cort8A18;Cort8;H;22/06/2016;F;21/09/2016;NA;91
Cort8A20;Cort8;H;22/06/2016;F;22/10/2016;3.4;122
Cort8A22;Cort8;H;22/06/2016;F;01/12/2016;3.5;162
Cort8A24;Cort8;H;22/06/2016;M;04/11/2016;2.5;135
Cort8A26;Cort8;H;22/06/2016;F;18/10/2016;2.5;118
Cort8A28;Cort8;H;22/06/2016;F;16/11/2016;3.6;147
Cort8A30;Cort8;H;22/06/2016;M;04/11/2016;4.2;135
Cort8A32;Cort8;H;22/06/2016;F;02/11/2016;2.6;133
Cort8A34;Cort8;H;22/06/2016;F;20/11/2016;4.8;151
Cort8A38;Cort8;H;22/06/2016;F;24/09/2016;NA;94
Cort8A42;Cort8;H;22/06/2016;F;13/10/2016;NA;113
Cort8A45;Cort8;H;22/06/2016;F;06/11/2016;2.8;137
Cort8A47;Cort8;H;22/06/2016;F;03/09/2016;NA;73
Cort8A49;Cort8;H;22/06/2016;M;22/10/2016;3.8;122
Cort9A3;Cort9;C;25/06/2016;M;NA;5.3;#VALORE!
Cort9A5;Cort9;C;25/06/2016;F;NA;5.1;#VALORE!
Cort9A9;Cort9;C;25/06/2016;F;01/12/2016;6.4;159
Cort9A11;Cort9;C;25/06/2016;M;13/01/2017;5.7;202
Cort9A15;Cort9;C;25/06/2016;F;03/12/2016;4.9;161
Cort9A17;Cort9;C;25/06/2016;F;NA;7.9;#VALORE!
Cort9A21;Cort9;C;25/06/2016;F;NA;5.7;#VALORE!
Cort9A23;Cort9;C;25/06/2016;M;NA;NA;#VALORE!
Cort9A27;Cort9;C;25/06/2016;F;27/02/2017;5.8;247
Cort9A29;Cort9;C;25/06/2016;F;NA;5.9;#VALORE!
Cort9A31;Cort9;C;25/06/2016;M;30/12/2016;6.4;188
Cort9A33;Cort9;C;25/06/2016;M;NA;NA;#VALORE!
Cort9A37;Cort9;C;25/06/2016;F;25/01/2017;7.5;214
Cort9A39;Cort9;C;25/06/2016;M;12/01/2017;5.5;201
Cort9A43;Cort9;C;25/06/2016;M;23/01/2017;NA;212
Cort9A45;Cort9;C;25/06/2016;F;04/02/2017;7;224
Cort9A46;Cort9;C;25/06/2016;F;NA;6;#VALORE!
Cort9A49;Cort9;C;25/06/2016;M;30/11/2016;NA;158
Cort9A2;Cort9;H;25/06/2016;M;26/10/2016;4;123
Cort9A8;Cort9;H;25/06/2016;F;06/11/2016;3.1;134
Cort9A10;Cort9;H;25/06/2016;F;25/10/2016;2.5;122
Cort9A12;Cort9;H;25/06/2016;F;20/11/2016;3.9;148
Cort9A14;Cort9;H;25/06/2016;F;30/11/2016;4.4;158
Cort9A16;Cort9;H;25/06/2016;F;24/10/2016;3.9;121
Cort9A24;Cort9;H;25/06/2016;F;27/11/2016;3.4;155
Cort9A26;Cort9;H;25/06/2016;F;29/08/2016;NA;65
Cort9A28;Cort9;H;25/06/2016;F;29/11/2016;3.9;157
Cort9A30;Cort9;H;25/06/2016;F;11/12/2016;4.5;169
Cort9A32;Cort9;H;25/06/2016;F;06/12/2016;5.1;164
Cort9A34;Cort9;H;25/06/2016;F;29/11/2016;4.8;157
Cort9A36;Cort9;H;25/06/2016;F;06/12/2016;3.1;164
Cort9A38;Cort9;H;25/06/2016;F;09/10/2016;NA;106
Cort9A40;Cort9;H;25/06/2016;F;25/12/2016;3.3;183
Cort9A42;Cort9;H;25/06/2016;F;22/11/2016;4.6;150
Cort9A44;Cort9;H;25/06/2016;F;22/11/2016;3.6;150
Cort9A48;Cort9;H;25/06/2016;F;03/11/2016;3.1;131
MR3A1;MR3A;C;23/06/2016;F;30/12/2016;6.3;190
MR3A3;MR3A;C;23/06/2016;M;30/12/2016;6.2;190
MR3A7;MR3A;C;23/06/2016;F;01/12/2016;5.4;161
MR3A9;MR3A;C;23/06/2016;M;28/12/2016;5.5;188
MR3A15;MR3A;C;23/06/2016;M;NA;6.6;#VALORE!
MR3A29;MR3A;C;23/06/2016;F;10/12/2016;5;170
MR3A31;MR3A;C;23/06/2016;F;NA;5.4;#VALORE!
MR3A33;MR3A;C;23/06/2016;M;03/12/2016;6;163
MR3A39;MR3A;C;23/06/2016;F;14/02/2017;4.5;236
MR3A41;MR3A;C;23/06/2016;F;18/12/2016;5;178
MR3A43;MR3A;C;23/06/2016;M;23/01/2017;6.3;214
MR3A45;MR3A;C;23/06/2016;F;06/11/2016;5.3;136
MR3A47;MR3A;C;23/06/2016;M;07/11/2016;NA;137
MR3A50;MR3A;C;23/06/2016;F;11/08/2016;NA;49
MR3A8;MR3A;H;23/06/2016;F;30/10/2016;2.5;129
MR3A10;MR3A;H;23/06/2016;F;22/08/2016;NA;60
MR3A12;MR3A;H;23/06/2016;F;11/09/2016;NA;80
MR3A20;MR3A;H;23/06/2016;F;17/09/2016;NA;86
MR3A22;MR3A;H;23/06/2016;F;25/08/2016;NA;63
MR3A24;MR3A;H;23/06/2016;F;12/08/2016;NA;50
MR3A26;MR3A;H;23/06/2016;F;22/08/2016;NA;60
MR3A28;MR3A;H;23/06/2016;F;15/08/2016;NA;53
MR3A30;MR3A;H;23/06/2016;F;13/09/2016;NA;82
MR3A34;MR3A;H;23/06/2016;F;26/10/2016;3.4;125
MR3A36;MR3A;H;23/06/2016;F;12/08/2016;NA;50
MR3A38;MR3A;H;23/06/2016;M;13/10/2016;NA;112
MR3A42;MR3A;H;23/06/2016;F;09/11/2016;2.1;139
MR3A46;MR3A;H;23/06/2016;F;18/09/2016;NA;87
MR3A48;MR3A;H;23/06/2016;F;27/10/2016;3.7;126
GCC6A3;GCC6A;C;23/06/2016;F;31/10/2016;6.6;130
GCC6A5;GCC6A;C;23/06/2016;M;29/09/2016;NA;98
GCC6A9;GCC6A;C;23/06/2016;F;25/11/2016;4.1;155
GCC6A11;GCC6A;C;23/06/2016;F;NA;5.3;#VALORE!
GCC6A13;GCC6A;C;23/06/2016;M;16/10/2016;NA;115
GCC6A15;GCC6A;C;23/06/2016;M;14/10/2016;NA;113
GCC6A19;GCC6A;C;23/06/2016;F;23/11/2016;6.3;153
GCC6A21;GCC6A;C;23/06/2016;M;19/10/2016;NA;118
GCC6A23;GCC6A;C;23/06/2016;F;21/10/2016;5.3;120
GCC6A25;GCC6A;C;23/06/2016;F;12/11/2016;7.3;142
GCC6A27;GCC6A;C;23/06/2016;M;30/10/2016;NA;129
GCC6A29;GCC6A;C;23/06/2016;F;05/12/2016;5.1;165
GCC6A31;GCC6A;C;23/06/2016;F;27/11/2016;6.2;157
GCC6A33;GCC6A;C;23/06/2016;M;17/10/2016;NA;116
GCC6A35;GCC6A;C;23/06/2016;M;11/09/2016;NA;80
GCC6A37;GCC6A;C;23/06/2016;F;NA;6.9;#VALORE!
GCC6A39;GCC6A;C;23/06/2016;M;19/01/2017;NA;210
GCC6A41;GCC6A;C;23/06/2016;F;25/01/2017;7.1;216
GCC6A45;GCC6A;C;23/06/2016;M;26/10/2016;NA;125
GCC6A47;GCC6A;C;23/06/2016;M;20/10/2016;NA;119
GCC6A49;GCC6A;C;23/06/2016;F;19/09/2016;NA;88
GCC6A50;GCC6A;C;23/06/2016;F;NA;6.9;#VALORE!
GCC6A4;GCC6A;H;23/06/2016;F;25/10/2016;3;124
GCC6A6;GCC6A;H;23/06/2016;F;12/11/2016;3.3;142
GCC6A8;GCC6A;H;23/06/2016;F;NA;3.5;#VALORE!
GCC6A10;GCC6A;H;23/06/2016;M;03/11/2016;NA;133
GCC6A12;GCC6A;H;23/06/2016;F;08/12/2016;2.8;168
GCC6A16;GCC6A;H;23/06/2016;F;02/11/2016;2.8;132
GCC6A18;GCC6A;H;23/06/2016;F;29/08/2016;NA;67
GCC6A20;GCC6A;H;23/06/2016;M;03/10/2016;NA;102
GCC6A22;GCC6A;H;23/06/2016;F;31/10/2016;3;130
GCC6A24;GCC6A;H;23/06/2016;F;17/08/2016;NA;55
GCC6A26;GCC6A;H;23/06/2016;F;24/08/2016;NA;62
GCC6A28;GCC6A;H;23/06/2016;M;29/09/2016;NA;98
GCC6A30;GCC6A;H;23/06/2016;M;19/10/2016;NA;118
GCC6A32;GCC6A;H;23/06/2016;F;27/11/2016;3.8;157
GCC6A34;GCC6A;H;23/06/2016;F;22/08/2016;NA;60
GCC6A36;GCC6A;H;23/06/2016;F;17/08/2016;NA;55
GCC6A38;GCC6A;H;23/06/2016;F;27/11/2016;3.8;157
GCC6A40;GCC6A;H;23/06/2016;F;12/09/2016;NA;81
GCC6A42;GCC6A;H;23/06/2016;M;21/10/2016;NA;120
GCC6A44;GCC6A;H;23/06/2016;F;09/11/2016;4.1;139
GCC6A46;GCC6A;H;23/06/2016;F;NA;NA;#VALORE!
GCC6A48;GCC6A;H;23/06/2016;M;29/09/2016;NA;98
Oli1A1;Oli1A;C;27/06/2016;F;11/12/2016;4.2;167
Oli1A3;Oli1A;C;27/06/2016;F;18/12/2016;5.8;174
Oli1A5;Oli1A;C;27/06/2016;F;25/10/2016;4.5;120
Oli1A9;Oli1A;C;27/06/2016;F;29/11/2016;5;155
Oli1A11;Oli1A;C;27/06/2016;F;23/10/2016;4.5;118
Oli1A13;Oli1A;C;27/06/2016;F;19/08/2016;NA;53
Oli1A17;Oli1A;C;27/06/2016;F;06/12/2016;6.3;162
Oli1A21;Oli1A;C;27/06/2016;F;17/08/2016;NA;51
Oli1A23;Oli1A;C;27/06/2016;F;13/08/2016;NA;47
Oli1A25;Oli1A;C;27/06/2016;F;20/09/2016;NA;85
Oli1A27;Oli1A;C;27/06/2016;F;16/11/2016;4.7;142
Oli1A29;Oli1A;C;27/06/2016;F;25/11/2016;4.2;151
Oli1A31;Oli1A;C;27/06/2016;F;27/01/2017;6.3;214
Oli1A33;Oli1A;C;27/06/2016;F;03/01/2017;5.1;190
Oli1A35;Oli1A;C;27/06/2016;F;07/12/2016;5.6;163
Oli1A37;Oli1A;C;27/06/2016;F;NA;4.5;#VALORE!
Oli1A39;Oli1A;C;27/06/2016;F;16/02/2017;4.5;234
Oli1A41;Oli1A;C;27/06/2016;F;06/12/2016;4.7;162
Oli1A45;Oli1A;C;27/06/2016;F;NA;5.2;#VALORE!
Oli1A2;Oli1A;H;27/06/2016;F;23/10/2016;2;118
Oli1A6;Oli1A;H;27/06/2016;F;16/11/2016;3.2;142
Oli1A10;Oli1A;H;27/06/2016;F;06/11/2016;3;132
Oli1A12;Oli1A;H;27/06/2016;F;17/09/2016;NA;82
Oli1A14;Oli1A;H;27/06/2016;F;13/08/2016;NA;47
Oli1A18;Oli1A;H;27/06/2016;F;10/10/2016;NA;105
Oli1A22;Oli1A;H;27/06/2016;F;15/09/2016;NA;80
Oli1A26;Oli1A;H;27/06/2016;F;01/11/2016;2.2;127
Oli1A28;Oli1A;H;27/06/2016;F;18/10/2016;NA;113
Oli1A30;Oli1A;H;27/06/2016;F;18/09/2016;NA;83
Oli1A32;Oli1A;H;27/06/2016;F;24/09/2016;NA;89
Oli1A34;Oli1A;H;27/06/2016;F;06/10/2016;NA;101
Oli1A36;Oli1A;H;27/06/2016;F;20/09/2016;NA;85
Oli1A44;Oli1A;H;27/06/2016;F;17/09/2016;NA;82
Oli1A46;Oli1A;H;27/06/2016;F;17/09/2016;NA;82
Oli1A47;Oli1A;H;27/06/2016;F;15/08/2016;NA;49
Oli1A48;Oli1A;H;27/06/2016;F;13/10/2016;NA;108
Oli1A49;Oli1A;H;27/06/2016;F;18/10/2016;3.1;113
Oli1A50;Oli1A;H;27/06/2016;F;21/10/2016;2.5;116
MV4A1;MV4A1;C;24/06/2016;F;29/01/2017;5.1;219
MV4A3;MV4A3;C;24/06/2016;M;23/11/2016;4.2;152
MV4A7;MV4A7;C;24/06/2016;M;NA;NA;#VALORE!
MV4A9;MV4A9;C;24/06/2016;F;NA;4.6;#VALORE!
MV4A15;MV4A1;C;24/06/2016;M;NA;4.7;#VALORE!
MV4A17;MV4A1;C;24/06/2016;F;26/10/2016;3.9;124
MV4A25;MV4A2;C;24/06/2016;M;21/12/2016;4.1;180
MV4A27;MV4A2;C;24/06/2016;F;NA;4.4;#VALORE!
MV4A31;MV4A3;C;24/06/2016;M;20/11/2016;NA;149
MV4A35;MV4A3;C;24/06/2016;F;NA;NA;#VALORE!
MV4A37;MV4A3;C;24/06/2016;M;NA;5.2;#VALORE!
MV4A39;MV4A3;C;24/06/2016;M;NA;NA;#VALORE!
MV4A41;MV4A4;C;24/06/2016;M;01/12/2016;NA;160
MV4A43;MV4A4;C;24/06/2016;F;NA;4.3;#VALORE!
MV4A45;MV4A4;C;24/06/2016;F;20/12/2016;3.1;179
MV4A47;MV4A4;C;24/06/2016;F;NA;4.4;#VALORE!
MV4A2;MV4A2;H;24/06/2016;F;11/09/2016;NA;79
MV4A4;MV4A4;H;24/06/2016;F;22/08/2016;NA;59
MV4A10;MV4A1;H;24/06/2016;F;03/11/2016;1.3;132
MV4A12;MV4A1;H;24/06/2016;F;23/11/2016;2.5;152
MV4A16;MV4A1;H;24/06/2016;F;16/10/2016;3;114
MV4A18;MV4A1;H;24/06/2016;F;16/11/2016;3.3;145
MV4A20;MV4A2;H;24/06/2016;M;13/11/2016;3;142
MV4A24;MV4A2;H;24/06/2016;F;07/11/2016;2;136
MV4A30;MV4A3;H;24/06/2016;F;12/09/2016;NA;80
MV4A34;MV4A3;H;24/06/2016;F;22/11/2016;1.6;151
MV4A38;MV4A3;H;24/06/2016;F;05/09/2016;NA;73
MV4A40;MV4A4;H;24/06/2016;F;19/09/2016;NA;87
MV4A42;MV4A4;H;24/06/2016;F;07/11/2016;1.1;136
MV4A44;MV4A4;H;24/06/2016;F;NA;NA;#VALORE!
MV4A49;MV4A4;H;24/06/2016;F;27/09/2016;NA;95
MV4A50;MV4A5;H;24/06/2016;F;13/08/2016;NA;50
Oli4A1;Oli4A;C;29/06/2016;F;10/02/2017;6.9;226
Oli4A3;Oli4A;C;29/06/2016;F;16/01/2017;5.4;201
Oli4A5;Oli4A;C;29/06/2016;M;NA;6.7;#VALORE!
Oli4A7;Oli4A;C;29/06/2016;F;NA;7.3;#VALORE!
Oli4A9;Oli4A;C;29/06/2016;F;25/12/2016;5.1;179
Oli4A11;Oli4A;C;29/06/2016;M;20/09/2016;NA;83
Oli4A13;Oli4A;C;29/06/2016;F;30/12/2016;6.4;184
Oli4A15;Oli4A;C;29/06/2016;M;30/11/2016;5.5;154
Oli4A17;Oli4A;C;29/06/2016;F;NA;5.3;#VALORE!
Oli4A19;Oli4A;C;29/06/2016;M;NA;NA;#VALORE!
Oli4A21;Oli4A;C;29/06/2016;M;15/12/2016;5.8;169
Oli4A23;Oli4A;C;29/06/2016;F;26/01/2017;6.6;211
Oli4A25;Oli4A;C;29/06/2016;M;NA;6.4;#VALORE!
Oli4A27;Oli4A;C;29/06/2016;M;02/02/2017;5.8;218
Oli4A29;Oli4A;C;29/06/2016;M;30/12/2016;6.5;184
Oli4A31;Oli4A;C;29/06/2016;M;11/12/2016;NA;165
Oli4A33;Oli4A;C;29/06/2016;M;NA;6.7;#VALORE!
Oli4A35;Oli4A;C;29/06/2016;M;28/02/2017;NA;244
Oli4A37;Oli4A;C;29/06/2016;M;06/12/2016;6.2;160
Oli4A39;Oli4A;C;29/06/2016;M;NA;5.2;#VALORE!
Oli4A41;Oli4A;C;29/06/2016;F;NA;5.2;#VALORE!
Oli4A43;Oli4A;C;29/06/2016;F;NA;5.8;#VALORE!
Oli4A45;Oli4A;C;29/06/2016;F;16/01/2017;6.5;201
Oli4A2;Oli4A;H;29/06/2016;F;08/11/2016;2.9;132
Oli4A4;Oli4A;H;29/06/2016;F;30/09/2016;NA;93
Oli4A6;Oli4A;H;29/06/2016;F;NA;NA;#VALORE!
Oli4A8;Oli4A;H;29/06/2016;F;08/11/2016;2.7;132
Oli4A12;Oli4A;H;29/06/2016;F;21/10/2016;2.4;114
Oli4A14;Oli4A;H;29/06/2016;F;22/08/2016;NA;54
Oli4A16;Oli4A;H;29/06/2016;F;29/09/2016;NA;92
Oli4A20;Oli4A;H;29/06/2016;F;26/10/2016;2.7;119
Oli4A22;Oli4A;H;29/06/2016;F;06/11/2016;3.6;130
Oli4A24;Oli4A;H;29/06/2016;F;24/01/2017;2.9;209
Oli4A26;Oli4A;H;29/06/2016;F;14/09/2016;NA;77
Oli4A28;Oli4A;H;29/06/2016;F;13/08/2016;NA;45
Oli4A30;Oli4A;H;29/06/2016;F;16/10/2016;2.4;109
Oli4A32;Oli4A;H;29/06/2016;F;20/09/2016;NA;83
Oli4A34;Oli4A;H;29/06/2016;F;NA;3.6;#VALORE!
Oli4A36;Oli4A;H;29/06/2016;F;26/12/2016;3.3;180
Oli4A38;Oli4A;H;29/06/2016;F;28/10/2016;1.9;121
Oli4A40;Oli4A;H;29/06/2016;F;28/10/2016;2;121
Oli4A42;Oli4A;H;29/06/2016;F;16/08/2016;NA;48
Oli4A44;Oli4A;H;29/06/2016;F;30/11/2016;3.3;154
Oli4A47;Oli4A;H;29/06/2016;F;14/11/2016;3.5;138
Oli4A48;Oli4A;H;29/06/2016;F;26/10/2016;2.2;119
Oli4A49;Oli4A;H;29/06/2016;F;16/10/2016;1.9;109
Oli4A50;Oli4A;H;29/06/2016;F;18/10/2016;2.6;111
AvoW11A1;AvoW11;C;28/07/2016;F;NA;5.5;#VALORE!
AvoW11A7;AvoW11;C;28/07/2016;M;15/12/2016;NA;140
AvoW11A15;AvoW11;C;28/07/2016;M;NA;NA;#VALORE!
AvoW11A17;AvoW11;C;28/07/2016;F;NA;7.1;#VALORE!
AvoW11A21;AvoW11;C;28/07/2016;M;NA;6.7;#VALORE!
AvoW11A25;AvoW11;C;28/07/2016;M;01/02/2017;6;188
AvoW11A29;AvoW11;C;28/07/2016;F;22/12/2016;5.8;147
AvoW11A33;AvoW11;C;28/07/2016;M;05/12/2016;NA;130
AvoW11A35;AvoW11;C;28/07/2016;M;20/12/2016;7.1;145
AvoW11A37;AvoW11;C;28/07/2016;M;NA;NA;#VALORE!
AvoW11A39;AvoW11;C;28/07/2016;M;22/11/2016;NA;117
AvoW11A43;AvoW11;C;28/07/2016;F;24/01/2017;6.8;180
AvoW11A47;AvoW11;C;28/07/2016;M;22/12/2016;NA;147
AvoW11A89;AvoW11;C;28/07/2016;F;26/10/2016;NA;90
AvoW11A135;AvoW11;C;28/07/2016;M;31/10/2016;NA;95
AvoW11A53;AvoW11;C;28/07/2016;F;NA;6.3;#VALORE!
AvoW11A4;AvoW11;H;28/07/2016;F;05/11/2016;NA;100
AvoW11A6;AvoW11;H;28/07/2016;F;07/11/2016;NA;102
AvoW11A8;AvoW11;H;28/07/2016;M;28/11/2016;5.4;123
AvoW11A10;AvoW11;H;28/07/2016;M;05/11/2016;NA;100
AvoW11A12;AvoW11;H;28/07/2016;F;16/11/2016;4;111
AvoW11A16;AvoW11;H;28/07/2016;F;03/01/2017;4.4;159
AvoW11A20;AvoW11;H;28/07/2016;F;21/12/2016;4.9;146
AvoW11A24;AvoW11;H;28/07/2016;M;NA;6.1;#VALORE!
AvoW11A32;AvoW11;H;28/07/2016;F;07/12/2016;4.4;132
AvoW11A34;AvoW11;H;28/07/2016;M;16/11/2016;NA;111
AvoW11A38;AvoW11;H;28/07/2016;F;15/12/2016;4.4;140
AvoW11A40;AvoW11;H;28/07/2016;F;22/11/2016;4.8;117
AvoW11A46;AvoW11;H;28/07/2016;F;22/12/2016;3.5;147
AvoW11A49;AvoW11;H;28/07/2016;M;26/10/2016;NA;90
AvoW11A144;AvoW11;H;28/07/2016;M;06/12/2016;NA;131
AvoW11A54;AvoW11;H;28/07/2016;F;14/11/2016;3.6;109
Oli2A3;Oli2A;C;19/07/2016;F;NA;5.9;#VALORE!
Oli2A5;Oli2A;C;19/07/2016;F;07/02/2017;7.4;203
Oli2A7;Oli2A;C;19/07/2016;F;22/11/2016;4;126
Oli2A9;Oli2A;C;19/07/2016;F;NA;6.2;#VALORE!
Oli2A11;Oli2A;C;19/07/2016;F;NA;5.3;#VALORE!
Oli2A15;Oli2A;C;19/07/2016;M;NA;7.2;#VALORE!
Oli2A19;Oli2A;C;19/07/2016;M;NA;NA;#VALORE!
Oli2A21;Oli2A;C;19/07/2016;F;NA;7;#VALORE!
Oli2A23;Oli2A;C;19/07/2016;M;NA;7.3;#VALORE!
Oli2A25;Oli2A;C;19/07/2016;F;01/03/2017;7.9;225
Oli2A27;Oli2A;C;19/07/2016;M;27/10/2016;NA;100
Oli2A29;Oli2A;C;19/07/2016;F;NA;6;#VALORE!
Oli2A33;Oli2A;C;19/07/2016;F;NA;6.1;#VALORE!
Oli2A35;Oli2A;C;19/07/2016;F;NA;6.4;#VALORE!
Oli2A37;Oli2A;C;19/07/2016;F;NA;6.7;#VALORE!
Oli2A39;Oli2A;C;19/07/2016;F;NA;6.1;#VALORE!
Oli2A41;Oli2A;C;19/07/2016;F;NA;5.9;#VALORE!
Oli2A43;Oli2A;C;19/07/2016;F;NA;6.2;#VALORE!
Oli2A45;Oli2A;C;19/07/2016;F;16/01/2017;7.4;181
Oli2A47;Oli2A;C;19/07/2016;F;NA;5.5;#VALORE!
Oli2A48;Oli2A;C;19/07/2016;F;18/12/2016;5.6;152
Oli2A49;Oli2A;C;19/07/2016;F;24/12/2016;6.9;158
Oli2A2;Oli2A;H;19/07/2016;F;20/12/2016;4.1;154
Oli2A4;Oli2A;H;19/07/2016;F;25/10/2016;NA;98
Oli2A6;Oli2A;H;19/07/2016;F;09/11/2016;NA;113
Oli2A8;Oli2A;H;19/07/2016;F;29/11/2016;4.1;133
Oli2A10;Oli2A;H;19/07/2016;F;22/11/2016;2.6;126
Oli2A12;Oli2A;H;19/07/2016;M;NA;4.5;#VALORE!
Oli2A14;Oli2A;H;19/07/2016;F;02/12/2016;3.2;136
Oli2A16;Oli2A;H;19/07/2016;F;22/10/2016;NA;95
Oli2A18;Oli2A;H;19/07/2016;F;29/10/2016;NA;102
Oli2A20;Oli2A;H;19/07/2016;M;04/11/2016;NA;108
Oli2A22;Oli2A;H;19/07/2016;M;13/11/2016;NA;117
Oli2A24;Oli2A;H;19/07/2016;F;16/11/2016;NA;120
Oli2A26;Oli2A;H;19/07/2016;F;24/11/2016;2.7;128
Oli2A28;Oli2A;H;19/07/2016;F;19/11/2016;2.8;123
Oli2A30;Oli2A;H;19/07/2016;F;11/11/2016;NA;115
Oli2A32;Oli2A;H;19/07/2016;F;01/11/2016;NA;105
Oli2A34;Oli2A;H;19/07/2016;F;29/11/2016;3.5;133
Oli2A36;Oli2A;H;19/07/2016;F;08/11/2016;NA;112
Oli2A38;Oli2A;H;19/07/2016;F;24/10/2016;NA;97
Oli2A40;Oli2A;H;19/07/2016;F;24/11/2016;3.1;128
Oli2A42;Oli2A;H;19/07/2016;F;27/11/2016;2.8;131
Oli2A44;Oli2A;H;19/07/2016;F;16/11/2016;NA;120
Oli2A50;Oli2A;H;19/07/2016;F;13/12/2016;3.1;147
AvoC14A31;AvoC1;C;30/08/2016;M;NA;NA;#VALORE!
AvoC14A17;AvoC1;C;30/08/2016;F;17/01/2017;5.4;140
AvoC14A27;AvoC1;C;30/08/2016;M;19/12/2016;NA;111
AvoC14A87;AvoC1;C;30/08/2016;M;31/12/2017;NA;488
AvoC14A89;AvoC1;C;30/08/2016;M;NA;NA;#VALORE!
AvoC14A90;AvoC1;H;30/08/2016;M;27/10/2016;NA;58
AvoC14A70;AvoC1;H;30/08/2016;F;01/12/2016;2.5;93
AvoC14A86;AvoC1;H;30/08/2016;F;19/11/2016;2.4;81
AvoC14A66;AvoC1;H;30/08/2016;F;06/12/2016;3.5;98
AvoC14A28;AvoC1;H;30/08/2016;F;28/01/2017;3.8;151
AvoC14A94;AvoC1;H;30/08/2016;M;31/10/2016;NA;62
GCC4A1;GCC4A;C;07/08/2016;M;05/12/2016;NA;120
GCC4A5;GCC4A;C;07/08/2016;F;16/01/2017;4.9;162
GCC4A15;GCC4A;C;07/08/2016;F;14/02/2017;5.6;191
GCC4A17;GCC4A;C;07/08/2016;F;17/01/2017;5.6;163
GCC4A23;GCC4A;C;07/08/2016;F;10/01/2017;4.5;156
GCC4A25;GCC4A;C;07/08/2016;F;11/12/2016;4.5;126
GCC4A29;GCC4A;C;07/08/2016;M;06/12/2016;NA;121
GCC4A33;GCC4A;C;07/08/2016;F;16/11/2016;NA;101
GCC4A35;GCC4A;C;07/08/2016;F;11/12/2016;5.3;126
GCC4A47;GCC4A;C;07/08/2016;M;30/12/2016;NA;145
GCC4A61;GCC4A;C;07/08/2016;M;09/12/2016;NA;124
GCC4A63;GCC4A;C;07/08/2016;M;30/01/2017;5.6;176
GCC4A71;GCC4A;C;07/08/2016;F;NA;5.1;#VALORE!
GCC4A77;GCC4A;C;07/08/2016;M;03/12/2016;NA;118
GCC4A81;GCC4A;C;07/08/2016;F;03/12/2016;4.4;118
GCC4A10;GCC4A;H;07/08/2016;F;27/11/2016;2.5;112
GCC4A62;GCC4A;H;07/08/2016;F;NA;NA;#VALORE!
GCC4A70;GCC4A;H;07/08/2016;F;11/11/2016;NA;96
GCC4A36;GCC4A;H;07/08/2016;F;26/12/2016;2.8;141
GCC4A2;GCC4A;H;07/08/2016;F;20/11/2016;NA;105
GCC4A18;GCC4A;H;07/08/2016;F;01/12/2016;2.9;116
GCC4A48;GCC4A;H;07/08/2016;F;29/11/2016;1.2;114
GCC4A64;GCC4A;H;07/08/2016;F;28/11/2016;2.3;113
GCC4A82;GCC4A;H;07/08/2016;F;16/11/2016;NA;101
GCC4A84;GCC4A;H;07/08/2016;F;06/12/2016;1.9;121
GCC4A86;GCC4A;H;07/08/2016;F;08/11/2016;NA;93
GCC4A92;GCC4A;H;07/08/2016;F;10/11/2016;NA;95
GCC4A98;GCC4A;H;07/08/2016;F;18/11/2016;NA;103
GCC4A76;GCC4A;H;07/08/2016;F;16/11/2016;NA;101
