spp,site,ftyp,_TYPE_,_FREQ_,count,area,pres
B.,1,C,0,3,7,1.0567,1
B.,1,O,0,3,5.3333333333,0.7722,1
B.,10,C,0,4,7,1.9052,1
B.,152,C,0,4,13.25,1.9023,1
B.,152,O,0,2,13.5,0.9748,1
B.,16,C,0,3,0,0.2016,0
B.,16,O,0,3,3,0.6402,1
B.,17,C,0,5,1.8,0.4534,1
B.,17,O,0,5,2.2,0.7884,1
B.,18,C,0,5,5.2,1.041,1
B.,18,O,0,5,6,2.2818,1
B.,19,O,0,4,1.25,0.8086,1
B.,20,C,0,2,2.5,0.6252,1
B.,20,O,0,3,1,11.377,1
B.,21,C,0,4,4.5,1.8954,1
B.,21,O,0,4,3.25,1.4541,1
B.,27,C,0,5,5,1.6112,1
B.,27,O,0,5,4,0.3798,1
B.,30,C,0,3,2.6666666667,1.5888,1
B.,30,O,0,3,27,1.1422,1
B.,32,C,0,5,1.6,0.827,1
B.,32,O,0,4,2,1.0007,1
B.,36,C,0,4,2.75,0.8182,1
B.,36,O,0,4,1.25,0.7828,1
B.,37,O,0,5,6.4,1.2915,1
B.,38,C,0,4,1.25,1.253,1
B.,38,O,0,5,2.6,0.8475,1
B.,39,C,0,3,2.6666666667,1.1304,1
B.,39,O,0,3,1,1.0848,1
B.,4,C,0,5,12.4,1.1555,1
B.,41,C,0,4,1.5,0.8226,1
B.,41,O,0,4,0.25,0.4468,1
B.,43,C,0,3,1.3333333333,2.0517,1
B.,45,C,0,4,0.75,1.1475,1
B.,45,O,0,5,9.6,1.0027,1
B.,46,C,0,5,1.6,0.1316,1
B.,46,O,0,5,1.4,0.1842,1
B.,47,C,0,4,1,0.3328,1
B.,47,O,0,4,6.5,0.3478,1
B.,49,O,0,4,3.5,1.0672,1
B.,5,O,0,5,11.8,0.6903,1
B.,50,C,0,4,4.5,0.4387,1
B.,50,O,0,5,10.6,1.1295,1
B.,51,O,0,5,1.2,0.8218,1
B.,52,C,0,4,3.5,1.0836,1
B.,52,O,0,4,6.75,0.8179,1
B.,53,C,0,5,7.2,1.315,1
B.,53,O,0,5,10.2,0.5553,1
B.,55,C,0,4,0.5,0.0643,1
B.,55,O,0,4,0,0.6942,0
B.,56,C,0,2,0,0.3089,0
B.,56,O,0,4,4.5,0.4251,1
B.,59,C,0,5,2.6,0.5025,1
B.,59,O,0,4,0,0.3151,0
B.,6,C,0,5,5,1.3482,1
B.,60,C,0,5,15.4,1.4753,1
B.,60,O,0,5,6.8,1.0666,1
B.,61,C,0,3,9.6666666667,1.2371,1
B.,61,O,0,3,7,0.9724,1
B.,62,C,0,3,1,1.4273,1
B.,63,C,0,5,3.2,1.1627,1
B.,64,C,0,4,0.25,0.6148,1
B.,64,O,0,4,6.25,1.0128,1
B.,65,C,0,4,0.5,0.7839,1
B.,65,O,0,4,3.75,0.9264,1
B.,66,C,0,3,0.3333333333,0.7237,1
B.,66,O,0,4,3,1.3731,1
B.,67,C,0,5,0,0.6601,0
B.,67,O,0,5,0.4,0.6867,1
B.,68,C,0,4,1.25,0.2976,1
B.,7,C,0,5,5.6,2.7099,1
B.,7,O,0,5,1.6,0.4373,1
B.,70,C,0,4,1.25,0.4683,1
B.,70,O,0,4,1.5,0.5493,1
B.,71,C,0,4,0,0.2153,0
B.,72,C,0,5,2.4,0.7333,1
B.,72,O,0,4,0,0.7783,0
B.,73,C,0,5,0.6,0.664,1
B.,73,O,0,5,0,0.306,0
B.,74,C,0,5,1.8,0.5348,1
B.,74,O,0,5,6.2,0.9849,1
B.,75,C,0,5,0.6,0.5497,1
B.,75,O,0,5,3.4,0.9576,1
B.,76,C,0,5,2.8,1.155,1
B.,76,O,0,5,5.6,1.086,1
B.,77,C,0,4,3,0.8376,1
B.,77,O,0,4,2.25,0.5637,1
B.,78,C,0,5,4.2,1.1517,1
B.,78,O,0,4,0,0.3025,0
B.,79,C,0,5,0.8,0.6499,1
B.,79,O,0,5,2.2,1.3908,1
B.,8,C,0,5,3.4,0.872,1
B.,8,O,0,5,6.8,0.9237,1
B.,80,C,0,4,2.5,0.9748,1
B.,80,O,0,4,2,1.4184,1
B.,9,C,0,3,0.3333333333,0.7905,1
B.,9,O,0,3,3.3333333333,0.4599,1
B.,99,C,0,3,3.6666666667,3.1787,1
B.,99,O,0,3,5.3333333333,1.0425,1
BF,1,C,0,3,0.3333333333,1.0567,1
BF,1,O,0,3,0,0.7722,0
BF,10,C,0,4,0,1.9052,0
BF,152,C,0,4,1.25,1.9023,1
BF,152,O,0,2,2,0.9748,1
BF,16,C,0,3,0,0.2016,0
BF,16,O,0,3,0,0.6402,0
BF,17,C,0,5,0,0.4534,0
BF,17,O,0,5,0,0.7884,0
BF,18,C,0,5,0,1.041,0
BF,18,O,0,5,0,2.2818,0
BF,19,O,0,4,0.25,0.8086,1
BF,20,C,0,2,0,0.6252,0
BF,20,O,0,3,0,11.377,0
BF,21,C,0,4,0,1.8954,0
BF,21,O,0,4,0,1.4541,0
BF,27,C,0,5,0,1.6112,0
BF,27,O,0,5,0,0.3798,0
BF,30,C,0,3,0,1.5888,0
BF,30,O,0,3,1,1.1422,1
BF,32,C,0,5,0,0.827,0
BF,32,O,0,4,0,1.0007,0
BF,36,C,0,4,0,0.8182,0
BF,36,O,0,4,0,0.7828,0
BF,37,O,0,5,0.6,1.2915,1
BF,38,C,0,4,0.25,1.253,1
BF,38,O,0,5,0.4,0.8475,1
BF,39,C,0,3,0,1.1304,0
BF,39,O,0,3,0.6666666667,1.0848,1
BF,4,C,0,5,1.6,1.1555,1
BF,41,C,0,4,0,0.8226,0
BF,41,O,0,4,0,0.4468,0
BF,43,C,0,3,0,2.0517,0
BF,45,C,0,4,0,1.1475,0
BF,45,O,0,5,2,1.0027,1
BF,46,C,0,5,0,0.1316,0
BF,46,O,0,5,0,0.1842,0
BF,47,C,0,4,0,0.3328,0
BF,47,O,0,4,0,0.3478,0
BF,49,O,0,4,0,1.0672,0
BF,5,O,0,5,0.4,0.6903,1
BF,50,C,0,4,0.25,0.4387,1
BF,50,O,0,5,1.2,1.1295,1
BF,51,O,0,5,0,0.8218,0
BF,52,C,0,4,0,1.0836,0
BF,52,O,0,4,1.25,0.8179,1
BF,53,C,0,5,0,1.315,0
BF,53,O,0,5,0.2,0.5553,1
BF,55,C,0,4,0,0.0643,0
BF,55,O,0,4,0,0.6942,0
BF,56,C,0,2,0,0.3089,0
BF,56,O,0,4,0,0.4251,0
BF,59,C,0,5,0,0.5025,0
BF,59,O,0,4,0,0.3151,0
BF,6,C,0,5,0.2,1.3482,1
BF,60,C,0,5,3.6,1.4753,1
BF,60,O,0,5,0.6,1.0666,1
BF,61,C,0,3,0,1.2371,0
BF,61,O,0,3,3,0.9724,1
BF,62,C,0,3,0,1.4273,0
BF,63,C,0,5,0,1.1627,0
BF,64,C,0,4,0,0.6148,0
BF,64,O,0,4,0.5,1.0128,1
BF,65,C,0,4,0.25,0.7839,1
BF,65,O,0,4,0,0.9264,0
BF,66,C,0,3,0,0.7237,0
BF,66,O,0,4,1,1.3731,1
BF,67,C,0,5,0,0.6601,0
BF,67,O,0,5,0,0.6867,0
BF,68,C,0,4,0,0.2976,0
BF,7,C,0,5,0,2.7099,0
BF,7,O,0,5,0,0.4373,0
BF,70,C,0,4,0,0.4683,0
BF,70,O,0,4,0,0.5493,0
BF,71,C,0,4,0,0.2153,0
BF,72,C,0,5,0,0.7333,0
BF,72,O,0,4,0,0.7783,0
BF,73,C,0,5,0,0.664,0
BF,73,O,0,5,0,0.306,0
BF,74,C,0,5,0,0.5348,0
BF,74,O,0,5,0,0.9849,0
BF,75,C,0,5,0,0.5497,0
BF,75,O,0,5,0.8,0.9576,1
BF,76,C,0,5,0.8,1.155,1
BF,76,O,0,5,0.4,1.086,1
BF,77,C,0,4,0.75,0.8376,1
BF,77,O,0,4,0.25,0.5637,1
BF,78,C,0,5,0.2,1.1517,1
BF,78,O,0,4,0,0.3025,0
BF,79,C,0,5,0,0.6499,0
BF,79,O,0,5,0.2,1.3908,1
BF,8,C,0,5,0,0.872,0
BF,8,O,0,5,0.2,0.9237,1
BF,80,C,0,4,0.25,0.9748,1
BF,80,O,0,4,0,1.4184,0
BF,9,C,0,3,0.6666666667,0.7905,1
BF,9,O,0,3,1.6666666667,0.4599,1
BF,99,C,0,3,0.6666666667,3.1787,1
BF,99,O,0,3,0.6666666667,1.0425,1
BF,101,C,0,4,0.25,0.9748,1
BF,101,O,0,4,0,1.4184,1
BF,102,C,0,4,0.25,0.9748,0
BF,102,O,0,4,0,1.4184,1
BF,103,C,0,4,0.25,0.9748,0
BF,103,O,0,4,0,1.4184,1
BT,1,C,0,3,2,1.0567,0
BT,1,O,0,3,9.6666666667,0.7722,1
BT,10,C,0,4,0.25,1.9052,1
BT,152,C,0,4,2,1.9023,1
BT,152,O,0,2,3.5,0.9748,1
BT,16,C,0,3,0,0.2016,0
BT,16,O,0,3,1.6666666667,0.6402,1
BT,17,C,0,5,3,0.4534,1
BT,17,O,0,5,0.8,0.7884,1
BT,18,C,0,5,0.6,1.041,1
BT,18,O,0,5,1.8,2.2818,1
BT,19,O,0,4,0.75,0.8086,1
BT,20,C,0,2,0,0.6252,0
BT,20,O,0,3,0.3333333333,11.377,1
BT,21,C,0,4,1.75,1.8954,1
BT,21,O,0,4,2.25,1.4541,1
BT,27,C,0,5,12,1.6112,1
BT,27,O,0,5,5.8,0.3798,1
BT,30,C,0,3,0.6666666667,1.5888,1
BT,30,O,0,3,5.3333333333,1.1422,1
BT,32,C,0,5,1,0.827,1
BT,32,O,0,4,1.5,1.0007,1
BT,36,C,0,4,3.5,0.8182,1
BT,36,O,0,4,0,0.7828,0
BT,37,O,0,5,8.8,1.2915,1
BT,38,C,0,4,3.75,1.253,1
BT,38,O,0,5,5.4,0.8475,1
BT,39,C,0,3,0.3333333333,1.1304,1
BT,39,O,0,3,4.3333333333,1.0848,1
BT,4,C,0,5,6.4,1.1555,1
BT,41,C,0,4,0,0.8226,0
BT,41,O,0,4,0.25,0.4468,1
BT,43,C,0,3,0.6666666667,2.0517,1
BT,45,C,0,4,0.5,1.1475,1
BT,45,O,0,5,8,1.0027,1
BT,46,C,0,5,1.8,0.1316,1
BT,46,O,0,5,0,0.1842,0
BT,47,C,0,4,0,0.3328,0
BT,47,O,0,4,1.5,0.3478,1
BT,49,O,0,4,0.75,1.0672,1
BT,5,O,0,5,9.8,0.6903,1
BT,50,C,0,4,4.75,0.4387,1
BT,50,O,0,5,8.4,1.1295,1
BT,51,O,0,5,0,0.8218,0
BT,52,C,0,4,5.25,1.0836,1
BT,52,O,0,4,2.5,0.8179,1
BT,53,C,0,5,4,1.315,1
BT,53,O,0,5,5.2,0.5553,1
BT,55,C,0,4,0,0.0643,0
BT,55,O,0,4,0,0.6942,0
BT,56,C,0,2,2.5,0.3089,1
BT,56,O,0,4,6.25,0.4251,1
BT,59,C,0,5,0.2,0.5025,1
BT,59,O,0,4,0,0.3151,0
BT,6,C,0,5,4.2,1.3482,1
BT,60,C,0,5,7.4,1.4753,1
BT,60,O,0,5,9.4,1.0666,1
BT,61,C,0,3,4.3333333333,1.2371,1
BT,61,O,0,3,4.6666666667,0.9724,1
BT,62,C,0,3,2.3333333333,1.4273,1
BT,63,C,0,5,0.6,1.1627,1
BT,64,C,0,4,0.25,0.6148,1
BT,64,O,0,4,3,1.0128,1
BT,65,C,0,4,0.5,0.7839,1
BT,65,O,0,4,0.25,0.9264,1
BT,66,C,0,3,0.3333333333,0.7237,1
BT,66,O,0,4,1.75,1.3731,1
BT,67,C,0,5,0,0.6601,0
BT,67,O,0,5,0.2,0.6867,1
BT,68,C,0,4,0.75,0.2976,1
BT,7,C,0,5,4.8,2.7099,1
BT,7,O,0,5,0.6,0.4373,1
BT,70,C,0,4,0.25,0.4683,1
BT,70,O,0,4,2,0.5493,1
BT,71,C,0,4,0.5,0.2153,1
BT,72,C,0,5,0.6,0.7333,1
BT,72,O,0,4,0,0.7783,0
BT,73,C,0,5,0.6,0.664,1
BT,73,O,0,5,0,0.306,0
BT,74,C,0,5,2,0.5348,1
BT,74,O,0,5,4,0.9849,1
BT,75,C,0,5,0.8,0.5497,1
BT,75,O,0,5,8,0.9576,1
BT,76,C,0,5,1,1.155,1
BT,76,O,0,5,1,1.086,1
BT,77,C,0,4,1.75,0.8376,1
BT,77,O,0,4,1,0.5637,1
BT,78,C,0,5,3.4,1.1517,1
BT,78,O,0,4,0,0.3025,0
BT,79,C,0,5,0.6,0.6499,1
BT,79,O,0,5,2.2,1.3908,1
BT,8,C,0,5,1.4,0.872,1
BT,8,O,0,5,4.2,0.9237,1
BT,80,C,0,4,3.25,0.9748,1
BT,80,O,0,4,1.25,1.4184,1
BT,9,C,0,3,1,0.7905,1
BT,9,O,0,3,2.3333333333,0.4599,1
BT,99,C,0,3,0.3333333333,3.1787,1
BT,99,O,0,3,3.3333333333,1.0425,1
BZ,1,C,0,3,0,1.0567,0
BZ,1,O,0,3,0,0.7722,0
BZ,10,C,0,4,0,1.9052,0
BZ,152,C,0,4,0,1.9023,0
BZ,152,O,0,2,0,0.9748,0
BZ,16,C,0,3,0,0.2016,0
BZ,16,O,0,3,0,0.6402,0
BZ,17,C,0,5,0,0.4534,0
BZ,17,O,0,5,0,0.7884,0
BZ,18,C,0,5,0,1.041,0
BZ,18,O,0,5,0,2.2818,0
BZ,19,O,0,4,0,0.8086,0
BZ,20,C,0,2,0,0.6252,0
BZ,20,O,0,3,0,11.377,0
BZ,21,C,0,4,0,1.8954,0
BZ,21,O,0,4,0.5,1.4541,1
BZ,27,C,0,5,0,1.6112,0
BZ,27,O,0,5,0,0.3798,0
BZ,30,C,0,3,0,1.5888,0
BZ,30,O,0,3,0,1.1422,0
BZ,32,C,0,5,0,0.827,0
BZ,32,O,0,4,0,1.0007,0
BZ,36,C,0,4,0,0.8182,0
BZ,36,O,0,4,0,0.7828,0
BZ,37,O,0,5,0,1.2915,0
BZ,38,C,0,4,0.25,1.253,1
BZ,38,O,0,5,0.4,0.8475,1
BZ,39,C,0,3,0,1.1304,0
BZ,39,O,0,3,0,1.0848,0
BZ,4,C,0,5,0.2,1.1555,1
BZ,41,C,0,4,0.75,0.8226,1
BZ,41,O,0,4,0,0.4468,0
BZ,43,C,0,3,0,2.0517,0
BZ,45,C,0,4,0,1.1475,0
BZ,45,O,0,5,0.6,1.0027,1
BZ,46,C,0,5,0,0.1316,0
BZ,46,O,0,5,0,0.1842,0
BZ,47,C,0,4,0.25,0.3328,1
BZ,47,O,0,4,0.5,0.3478,1
BZ,49,O,0,4,0,1.0672,0
BZ,5,O,0,5,0.2,0.6903,1
BZ,50,C,0,4,0,0.4387,0
BZ,50,O,0,5,0.2,1.1295,1
BZ,51,O,0,5,0.6,0.8218,1
BZ,52,C,0,4,0,1.0836,0
BZ,52,O,0,4,0,0.8179,0
BZ,53,C,0,5,0,1.315,0
BZ,53,O,0,5,0,0.5553,0
BZ,55,C,0,4,0,0.0643,0
BZ,55,O,0,4,0,0.6942,0
BZ,56,C,0,2,0.5,0.3089,1
BZ,56,O,0,4,0.75,0.4251,1
BZ,59,C,0,5,0,0.5025,0
BZ,59,O,0,4,0,0.3151,0
BZ,6,C,0,5,0.2,1.3482,1
BZ,60,C,0,5,0.6,1.4753,1
BZ,60,O,0,5,1.2,1.0666,1
BZ,61,C,0,3,0.3333333333,1.2371,1
BZ,61,O,0,3,0,0.9724,0
BZ,62,C,0,3,0,1.4273,0
BZ,63,C,0,5,0.2,1.1627,1
BZ,64,C,0,4,0,0.6148,0
BZ,64,O,0,4,0.25,1.0128,1
BZ,65,C,0,4,0.25,0.7839,1
BZ,65,O,0,4,0,0.9264,0
BZ,66,C,0,3,0,0.7237,0
BZ,66,O,0,4,0,1.3731,0
BZ,67,C,0,5,0,0.6601,0
BZ,67,O,0,5,0,0.6867,0
BZ,68,C,0,4,0,0.2976,0
BZ,7,C,0,5,0,2.7099,0
BZ,7,O,0,5,0,0.4373,0
BZ,70,C,0,4,0,0.4683,0
BZ,70,O,0,4,0,0.5493,0
BZ,71,C,0,4,0,0.2153,0
BZ,72,C,0,5,0.2,0.7333,1
BZ,72,O,0,4,0,0.7783,0
BZ,73,C,0,5,0,0.664,0
BZ,73,O,0,5,0,0.306,0
BZ,74,C,0,5,0.6,0.5348,1
BZ,74,O,0,5,0,0.9849,0
BZ,75,C,0,5,0,0.5497,0
BZ,75,O,0,5,0,0.9576,0
BZ,76,C,0,5,0.2,1.155,1
BZ,76,O,0,5,0,1.086,0
BZ,77,C,0,4,0,0.8376,0
BZ,77,O,0,4,0,0.5637,0
BZ,78,C,0,5,0,1.1517,0
BZ,78,O,0,4,0,0.3025,0
BZ,79,C,0,5,0,0.6499,0
BZ,79,O,0,5,0,1.3908,0
BZ,8,C,0,5,0,0.872,0
BZ,8,O,0,5,0.2,0.9237,1
BZ,80,C,0,4,0,0.9748,0
BZ,80,O,0,4,0,1.4184,0
BZ,9,C,0,3,0,0.7905,0
BZ,9,O,0,3,0,0.4599,0
BZ,99,C,0,3,0,3.1787,0
BZ,99,O,0,3,0,1.0425,0
C.,1,C,0,3,0,1.0567,0
C.,1,O,0,3,0,0.7722,0
C.,10,C,0,4,0.5,1.9052,1
C.,152,C,0,4,0.5,1.9023,1
C.,152,O,0,2,2,0.9748,1
C.,16,C,0,3,0.3333333333,0.2016,1
C.,16,O,0,3,0,0.6402,0
C.,17,C,0,5,0,0.4534,0
C.,17,O,0,5,0,0.7884,0
C.,18,C,0,5,0.2,1.041,1
C.,18,O,0,5,0.2,2.2818,1
C.,19,O,0,4,0,0.8086,0
C.,20,C,0,2,0,0.6252,0
C.,20,O,0,3,0.3333333333,11.377,1
C.,21,C,0,4,0.75,1.8954,1
C.,21,O,0,4,0,1.4541,0
C.,27,C,0,5,0.2,1.6112,1
C.,27,O,0,5,1.2,0.3798,1
C.,30,C,0,3,0,1.5888,0
C.,30,O,0,3,0.6666666667,1.1422,1
C.,32,C,0,5,0,0.827,0
C.,32,O,0,4,1.75,1.0007,1
C.,36,C,0,4,0.25,0.8182,1
C.,36,O,0,4,0,0.7828,0
C.,37,O,0,5,0.4,1.2915,1
C.,38,C,0,4,0.25,1.253,1
C.,38,O,0,5,3,0.8475,1
C.,39,C,0,3,0.3333333333,1.1304,1
C.,39,O,0,3,0,1.0848,0
C.,4,C,0,5,1.2,1.1555,1
C.,41,C,0,4,0,0.8226,0
C.,41,O,0,4,0,0.4468,0
C.,43,C,0,3,0,2.0517,0
C.,45,C,0,4,0,1.1475,0
C.,45,O,0,5,0.4,1.0027,1
C.,46,C,0,5,0.4,0.1316,1
C.,46,O,0,5,0,0.1842,0
C.,47,C,0,4,0.25,0.3328,1
C.,47,O,0,4,1,0.3478,1
C.,49,O,0,4,0.5,1.0672,1
C.,5,O,0,5,0.8,0.6903,1
C.,50,C,0,4,0.75,0.4387,1
C.,50,O,0,5,1.6,1.1295,1
C.,51,O,0,5,1,0.8218,1
C.,52,C,0,4,6.25,1.0836,1
C.,52,O,0,4,2.25,0.8179,1
C.,53,C,0,5,0.6,1.315,1
C.,53,O,0,5,2.2,0.5553,1
C.,55,C,0,4,0,0.0643,0
C.,55,O,0,4,0,0.6942,0
C.,56,C,0,2,0,0.3089,0
C.,56,O,0,4,0,0.4251,0
C.,59,C,0,5,0,0.5025,0
C.,59,O,0,4,0,0.3151,0
C.,6,C,0,5,0,1.3482,0
C.,60,C,0,5,1.6,1.4753,1
C.,60,O,0,5,3,1.0666,1
C.,61,C,0,3,0,1.2371,0
C.,61,O,0,3,1.3333333333,0.9724,1
C.,62,C,0,3,0,1.4273,0
C.,63,C,0,5,0.8,1.1627,1
C.,64,C,0,4,0.25,0.6148,1
C.,64,O,0,4,0.25,1.0128,1
C.,65,C,0,4,0,0.7839,0
C.,65,O,0,4,0,0.9264,0
C.,66,C,0,3,0,0.7237,0
C.,66,O,0,4,0,1.3731,0
C.,67,C,0,5,0,0.6601,0
C.,67,O,0,5,0,0.6867,0
C.,68,C,0,4,0,0.2976,0
C.,7,C,0,5,5.2,2.7099,1
C.,7,O,0,5,0,0.4373,0
C.,70,C,0,4,0,0.4683,0
C.,70,O,0,4,0,0.5493,0
C.,71,C,0,4,0,0.2153,0
C.,72,C,0,5,41,0.7333,1
C.,72,O,0,4,0,0.7783,0
C.,73,C,0,5,0,0.664,0
C.,73,O,0,5,0,0.306,0
C.,74,C,0,5,0,0.5348,0
C.,74,O,0,5,0.2,0.9849,1
C.,75,C,0,5,0,0.5497,0
C.,75,O,0,5,0.2,0.9576,1
C.,76,C,0,5,0,1.155,0
C.,76,O,0,5,0,1.086,0
C.,77,C,0,4,0,0.8376,0
C.,77,O,0,4,0,0.5637,0
C.,78,C,0,5,0.4,1.1517,1
C.,78,O,0,4,0,0.3025,0
C.,79,C,0,5,0.4,0.6499,1
C.,79,O,0,5,0,1.3908,0
C.,8,C,0,5,0.2,0.872,1
C.,8,O,0,5,0,0.9237,0
C.,80,C,0,4,0,0.9748,0
C.,80,O,0,4,0,1.4184,0
C.,9,C,0,3,4,0.7905,1
C.,9,O,0,3,0.6666666667,0.4599,1
C.,99,C,0,3,0.6666666667,3.1787,1
C.,99,O,0,3,1,1.0425,1
CB,1,C,0,3,0,1.0567,0
CB,1,O,0,3,0,0.7722,0
CB,10,C,0,4,6.25,1.9052,1
CB,152,C,0,4,0,1.9023,0
CB,152,O,0,2,0,0.9748,0
CB,16,C,0,3,0,0.2016,0
CB,16,O,0,3,0,0.6402,0
CB,17,C,0,5,0,0.4534,0
CB,17,O,0,5,0,0.7884,0
CB,18,C,0,5,2.1,1.041,1
CB,18,O,0,5,0,2.2818,0
CB,19,O,0,4,1.5,0.8086,1
CB,20,C,0,2,16.5,0.6252,1
CB,20,O,0,3,0,11.377,0
CB,21,C,0,4,7.25,1.8954,1
CB,21,O,0,4,0,1.4541,0
CB,27,C,0,5,0,1.6112,0
CB,27,O,0,5,0,0.3798,0
CB,30,C,0,3,0,1.5888,0
CB,30,O,0,3,0,1.1422,0
CB,32,C,0,5,0,0.827,0
CB,32,O,0,4,0,1.0007,0
CB,36,C,0,4,0,0.8182,0
CB,36,O,0,4,0,0.7828,0
CB,37,O,0,5,0,1.2915,0
CB,38,C,0,4,0,1.253,0
CB,38,O,0,5,0,0.8475,0
CB,39,C,0,3,0,1.1304,0
CB,39,O,0,3,0,1.0848,0
CB,4,C,0,5,0,1.1555,0
CB,41,C,0,4,0,0.8226,0
CB,41,O,0,4,0,0.4468,0
CB,43,C,0,3,0,2.0517,0
CB,45,C,0,4,0,1.1475,0
CB,45,O,0,5,0,1.0027,0
CB,46,C,0,5,0,0.1316,0
CB,46,O,0,5,0,0.1842,0
CB,47,C,0,4,0,0.3328,0
CB,47,O,0,4,0,0.3478,0
CB,49,O,0,4,0,1.0672,0
CB,5,O,0,5,0,0.6903,0
CB,50,C,0,4,0,0.4387,0
CB,50,O,0,5,0,1.1295,0
CB,51,O,0,5,0,0.8218,0
CB,52,C,0,4,0,1.0836,0
CB,52,O,0,4,0,0.8179,0
CB,53,C,0,5,0,1.315,0
CB,53,O,0,5,0,0.5553,0
CB,55,C,0,4,0,0.0643,0
CB,55,O,0,4,0,0.6942,0
CB,56,C,0,2,0,0.3089,0
CB,56,O,0,4,0,0.4251,0
CB,59,C,0,5,0,0.5025,0
CB,59,O,0,4,0,0.3151,0
CB,6,C,0,5,0.2,1.3482,1
CB,60,C,0,5,0,1.4753,0
CB,60,O,0,5,0,1.0666,0
CB,61,C,0,3,1,1.2371,1
CB,61,O,0,3,0,0.9724,0
CB,62,C,0,3,0,1.4273,0
CB,63,C,0,5,0,1.1627,0
CB,64,C,0,4,0,0.6148,0
CB,64,O,0,4,0,1.0128,0
CB,65,C,0,4,0,0.7839,0
CB,65,O,0,4,0,0.9264,0
CB,66,C,0,3,0,0.7237,0
CB,66,O,0,4,0,1.3731,0
CB,67,C,0,5,0,0.6601,0
CB,67,O,0,5,0,0.6867,0
CB,68,C,0,4,0,0.2976,0
CB,7,C,0,5,0,2.7099,0
CB,7,O,0,5,0,0.4373,0
CB,70,C,0,4,0,0.4683,0
CB,70,O,0,4,0,0.5493,0
CB,71,C,0,4,0,0.2153,0
CB,72,C,0,5,0,0.7333,0
CB,72,O,0,4,0,0.7783,0
CB,73,C,0,5,0,0.664,0
CB,73,O,0,5,0,0.306,0
CB,74,C,0,5,0,0.5348,0
CB,74,O,0,5,0,0.9849,0
CB,75,C,0,5,0,0.5497,0
CB,75,O,0,5,0,0.9576,0
CB,76,C,0,5,0,1.155,0
CB,76,O,0,5,0,1.086,0
CB,77,C,0,4,0,0.8376,0
CB,77,O,0,4,0,0.5637,0
CB,78,C,0,5,0,1.1517,0
CB,78,O,0,4,0,0.3025,0
CB,79,C,0,5,0,0.6499,0
CB,79,O,0,5,0,1.3908,0
CB,8,C,0,5,0,0.872,0
CB,8,O,0,5,0,0.9237,0
CB,80,C,0,4,0,0.9748,0
CB,80,O,0,4,0,1.4184,0
CB,9,C,0,3,0,0.7905,0
CB,9,O,0,3,0,0.4599,0
CB,99,C,0,3,0,3.1787,0
CB,99,O,0,3,0,1.0425,0
CH,1,C,0,3,0.6666666667,1.0567,1
CH,1,O,0,3,2.6666666667,0.7722,1
CH,10,C,0,4,18.75,1.9052,1
CH,152,C,0,4,1.75,1.9023,1
CH,152,O,0,2,27,0.9748,1
CH,16,C,0,3,4.6666666667,0.2016,1
CH,16,O,0,3,7,0.6402,1
CH,17,C,0,5,0.4,0.4534,1
CH,17,O,0,5,0.2,0.7884,1
CH,18,C,0,5,0,1.041,0
CH,18,O,0,5,2.6,2.2818,1
CH,19,O,0,4,13.25,0.8086,1
CH,20,C,0,2,1,0.6252,1
CH,20,O,0,3,1.6666666667,11.377,1
CH,21,C,0,4,7,1.8954,1
CH,21,O,0,4,3.5,1.4541,1
CH,27,C,0,5,6,1.6112,1
CH,27,O,0,5,9.4,0.3798,1
CH,30,C,0,3,0.3333333333,1.5888,1
CH,30,O,0,3,1.3333333333,1.1422,1
CH,32,C,0,5,0.8,0.827,1
CH,32,O,0,4,6.5,1.0007,1
CH,36,C,0,4,0.25,0.8182,1
CH,36,O,0,4,0.25,0.7828,1
CH,37,O,0,5,14.2,1.2915,1
CH,38,C,0,4,4.25,1.253,1
CH,38,O,0,5,17.2,0.8475,1
CH,39,C,0,3,1.3333333333,1.1304,1
CH,39,O,0,3,10,1.0848,1
CH,4,C,0,5,6,1.1555,1
CH,41,C,0,4,0,0.8226,0
CH,41,O,0,4,1.25,0.4468,1
CH,43,C,0,3,12,2.0517,1
CH,45,C,0,4,0.75,1.1475,1
CH,45,O,0,5,7.8,1.0027,1
CH,46,C,0,5,0.6,0.1316,1
CH,46,O,0,5,0.2,0.1842,1
CH,47,C,0,4,3.75,0.3328,1
CH,47,O,0,4,0.5,0.3478,1
CH,49,O,0,4,1.25,1.0672,1
CH,5,O,0,5,6.4,0.6903,1
CH,50,C,0,4,3.75,0.4387,1
CH,50,O,0,5,10.6,1.1295,1
CH,51,O,0,5,8,0.8218,1
CH,52,C,0,4,10,1.0836,1
CH,52,O,0,4,1,0.8179,1
CH,53,C,0,5,18.4,1.315,1
CH,53,O,0,5,30.4,0.5553,1
CH,55,C,0,4,2.5,0.0643,1
CH,55,O,0,4,0,0.6942,0
CH,56,C,0,2,0,0.3089,0
CH,56,O,0,4,12.25,0.4251,1
CH,59,C,0,5,3.4,0.5025,1
CH,59,O,0,4,0,0.3151,0
CH,6,C,0,5,13.2,1.3482,1
CH,60,C,0,5,14.2,1.4753,1
CH,60,O,0,5,8.8,1.0666,1
CH,61,C,0,3,17.333333333,1.2371,1
CH,61,O,0,3,9.6666666667,0.9724,1
CH,62,C,0,3,1.3333333333,1.4273,1
CH,63,C,0,5,0.4,1.1627,1
CH,64,C,0,4,0.25,0.6148,1
CH,64,O,0,4,2.75,1.0128,1
CH,65,C,0,4,1.5,0.7839,1
CH,65,O,0,4,2.25,0.9264,1
CH,66,C,0,3,33,0.7237,1
CH,66,O,0,4,0.75,1.3731,1
CH,67,C,0,5,0,0.6601,0
CH,67,O,0,5,1,0.6867,1
CH,68,C,0,4,0,0.2976,0
CH,7,C,0,5,34,2.7099,1
CH,7,O,0,5,0.8,0.4373,1
CH,70,C,0,4,2.5,0.4683,1
CH,70,O,0,4,19.75,0.5493,1
CH,71,C,0,4,0,0.2153,0
CH,72,C,0,5,1.4,0.7333,1
CH,72,O,0,4,0,0.7783,0
CH,73,C,0,5,0.2,0.664,1
CH,73,O,0,5,0,0.306,0
CH,74,C,0,5,1.2,0.5348,1
CH,74,O,0,5,11.8,0.9849,1
CH,75,C,0,5,0.4,0.5497,1
CH,75,O,0,5,2,0.9576,1
CH,76,C,0,5,2,1.155,1
CH,76,O,0,5,2.4,1.086,1
CH,77,C,0,4,0.25,0.8376,1
CH,77,O,0,4,1.25,0.5637,1
CH,78,C,0,5,0.8,1.1517,1
CH,78,O,0,4,0,0.3025,0
CH,79,C,0,5,0.2,0.6499,1
CH,79,O,0,5,5,1.3908,1
CH,8,C,0,5,2.8,0.872,1
CH,8,O,0,5,4.6,0.9237,1
CH,80,C,0,4,2,0.9748,1
CH,80,O,0,4,0.25,1.4184,1
CH,9,C,0,3,0.6666666667,0.7905,1
CH,9,O,0,3,1.6666666667,0.4599,1
CH,99,C,0,3,9.3333333333,3.1787,1
CH,99,O,0,3,1,1.0425,1
D.,1,C,0,3,4,1.0567,1
D.,1,O,0,3,1.3333333333,0.7722,1
D.,10,C,0,4,2.25,1.9052,1
D.,152,C,0,4,3.75,1.9023,1
D.,152,O,0,2,4,0.9748,1
D.,16,C,0,3,2.6666666667,0.2016,1
D.,16,O,0,3,0.3333333333,0.6402,1
D.,17,C,0,5,1,0.4534,1
D.,17,O,0,5,1.4,0.7884,1
D.,18,C,0,5,0.4,1.041,1
D.,18,O,0,5,0.2,2.2818,1
D.,19,O,0,4,0.75,0.8086,1
D.,20,C,0,2,0.5,0.6252,1
D.,20,O,0,3,0,11.377,0
D.,21,C,0,4,0.25,1.8954,1
D.,21,O,0,4,2.5,1.4541,1
D.,27,C,0,5,2.2,1.6112,1
D.,27,O,0,5,1.2,0.3798,1
D.,30,C,0,3,0.3333333333,1.5888,1
D.,30,O,0,3,0,1.1422,0
D.,32,C,0,5,1.2,0.827,1
D.,32,O,0,4,0.75,1.0007,1
D.,36,C,0,4,1,0.8182,1
D.,36,O,0,4,1.5,0.7828,1
D.,37,O,0,5,3.4,1.2915,1
D.,38,C,0,4,3.75,1.253,1
D.,38,O,0,5,2.6,0.8475,1
D.,39,C,0,3,2.3333333333,1.1304,1
D.,39,O,0,3,1,1.0848,1
D.,4,C,0,5,4.4,1.1555,1
D.,41,C,0,4,0.25,0.8226,1
D.,41,O,0,4,0.25,0.4468,1
D.,43,C,0,3,0.6666666667,2.0517,1
D.,45,C,0,4,0,1.1475,0
D.,45,O,0,5,4.6,1.0027,1
D.,46,C,0,5,0.2,0.1316,1
D.,46,O,0,5,0.2,0.1842,1
D.,47,C,0,4,0.5,0.3328,1
D.,47,O,0,4,2.25,0.3478,1
D.,49,O,0,4,1.5,1.0672,1
D.,5,O,0,5,5.2,0.6903,1
D.,50,C,0,4,3.25,0.4387,1
D.,50,O,0,5,2.8,1.1295,1
D.,51,O,0,5,3.4,0.8218,1
D.,52,C,0,4,0.5,1.0836,1
D.,52,O,0,4,1.25,0.8179,1
D.,53,C,0,5,2.2,1.315,1
D.,53,O,0,5,0.6,0.5553,1
D.,55,C,0,4,0,0.0643,0
D.,55,O,0,4,0,0.6942,0
D.,56,C,0,2,0.5,0.3089,1
D.,56,O,0,4,6.25,0.4251,1
D.,59,C,0,5,0,0.5025,0
D.,59,O,0,4,0.25,0.3151,1
D.,6,C,0,5,6,1.3482,1
D.,60,C,0,5,2.8,1.4753,1
D.,60,O,0,5,2.8,1.0666,1
D.,61,C,0,3,3.6666666667,1.2371,1
D.,61,O,0,3,1,0.9724,1
D.,62,C,0,3,1.3333333333,1.4273,1
D.,63,C,0,5,0,1.1627,0
D.,64,C,0,4,1.25,0.6148,1
D.,64,O,0,4,2.25,1.0128,1
D.,65,C,0,4,0.25,0.7839,1
D.,65,O,0,4,2,0.9264,1
D.,66,C,0,3,2,0.7237,1
D.,66,O,0,4,2,1.3731,1
D.,67,C,0,5,0,0.6601,0
D.,67,O,0,5,0.8,0.6867,1
D.,68,C,0,4,0,0.2976,0
D.,7,C,0,5,2.4,2.7099,1
D.,7,O,0,5,0,0.4373,0
D.,70,C,0,4,4.5,0.4683,1
D.,70,O,0,4,0.5,0.5493,1
D.,71,C,0,4,0,0.2153,0
D.,72,C,0,5,1,0.7333,1
D.,72,O,0,4,0,0.7783,0
D.,73,C,0,5,1,0.664,1
D.,73,O,0,5,0,0.306,0
D.,74,C,0,5,0.6,0.5348,1
D.,74,O,0,5,1.2,0.9849,1
D.,75,C,0,5,0.4,0.5497,1
D.,75,O,0,5,1.2,0.9576,1
D.,76,C,0,5,2.2,1.155,1
D.,76,O,0,5,2.2,1.086,1
D.,77,C,0,4,1.25,0.8376,1
D.,77,O,0,4,0.25,0.5637,1
D.,78,C,0,5,0.8,1.1517,1
D.,78,O,0,4,0.25,0.3025,1
D.,79,C,0,5,1.6,0.6499,1
D.,79,O,0,5,1.8,1.3908,1
D.,8,C,0,5,2,0.872,1
D.,8,O,0,5,2.8,0.9237,1
D.,80,C,0,4,2.75,0.9748,1
D.,80,O,0,4,0.5,1.4184,1
D.,9,C,0,3,1.6666666667,0.7905,1
D.,9,O,0,3,0.6666666667,0.4599,1
D.,99,C,0,3,1.3333333333,3.1787,1
D.,99,O,0,3,1,1.0425,1
FF,1,C,0,3,0,1.0567,0
FF,1,O,0,3,0,0.7722,0
FF,10,C,0,4,0.25,1.9052,1
FF,152,C,0,4,0,1.9023,0
FF,152,O,0,2,3,0.9748,1
FF,16,C,0,3,0,0.2016,0
FF,16,O,0,3,0,0.6402,0
FF,17,C,0,5,0,0.4534,0
FF,17,O,0,5,0,0.7884,0
FF,18,C,0,5,0.2,1.041,1
FF,18,O,0,5,0,2.2818,0
FF,19,O,0,4,0,0.8086,0
FF,20,C,0,2,0,0.6252,0
FF,20,O,0,3,0,11.377,0
FF,21,C,0,4,4.25,1.8954,1
FF,21,O,0,4,5,1.4541,1
FF,27,C,0,5,0,1.6112,0
FF,27,O,0,5,8.2,0.3798,1
FF,30,C,0,3,0,1.5888,0
FF,30,O,0,3,17.666666667,1.1422,1
FF,32,C,0,5,0,0.827,0
FF,32,O,0,4,0,1.0007,0
FF,36,C,0,4,0,0.8182,0
FF,36,O,0,4,0,0.7828,0
FF,37,O,0,5,0.4,1.2915,1
FF,38,C,0,4,0,1.253,0
FF,38,O,0,5,9.6,0.8475,1
FF,39,C,0,3,4,1.1304,1
FF,39,O,0,3,0,1.0848,0
FF,4,C,0,5,2.4,1.1555,1
FF,41,C,0,4,0.25,0.8226,1
FF,41,O,0,4,0,0.4468,0
FF,43,C,0,3,0,2.0517,0
FF,45,C,0,4,0,1.1475,0
FF,45,O,0,5,20.8,1.0027,1
FF,46,C,0,5,0,0.1316,0
FF,46,O,0,5,0,0.1842,0
FF,47,C,0,4,0,0.3328,0
FF,47,O,0,4,0,0.3478,0
FF,49,O,0,4,0,1.0672,0
FF,5,O,0,5,0,0.6903,0
FF,50,C,0,4,4,0.4387,1
FF,50,O,0,5,22.2,1.1295,1
FF,51,O,0,5,0,0.8218,0
FF,52,C,0,4,0,1.0836,0
FF,52,O,0,4,3.75,0.8179,1
FF,53,C,0,5,1,1.315,1
FF,53,O,0,5,0.6,0.5553,1
FF,55,C,0,4,0,0.0643,0
FF,55,O,0,4,0,0.6942,0
FF,56,C,0,2,3,0.3089,1
FF,56,O,0,4,0,0.4251,0
FF,59,C,0,5,0,0.5025,0
FF,59,O,0,4,0,0.3151,0
FF,6,C,0,5,7.4,1.3482,1
FF,60,C,0,5,120.8,1.4753,1
FF,60,O,0,5,20,1.0666,1
FF,61,C,0,3,9.3333333333,1.2371,1
FF,61,O,0,3,3.6666666667,0.9724,1
FF,62,C,0,3,0,1.4273,0
FF,63,C,0,5,5.2,1.1627,1
FF,64,C,0,4,0,0.6148,0
FF,64,O,0,4,0,1.0128,0
FF,65,C,0,4,16.5,0.7839,1
FF,65,O,0,4,1,0.9264,1
FF,66,C,0,3,0,0.7237,0
FF,66,O,0,4,0.75,1.3731,1
FF,67,C,0,5,0,0.6601,0
FF,67,O,0,5,0.2,0.6867,1
FF,68,C,0,4,0,0.2976,0
FF,7,C,0,5,0,2.7099,0
FF,7,O,0,5,26.2,0.4373,1
FF,70,C,0,4,1.5,0.4683,1
FF,70,O,0,4,4.25,0.5493,1
FF,71,C,0,4,0,0.2153,0
FF,72,C,0,5,7,0.7333,1
FF,72,O,0,4,0,0.7783,0
FF,73,C,0,5,0,0.664,0
FF,73,O,0,5,0,0.306,0
FF,74,C,0,5,0,0.5348,0
FF,74,O,0,5,2.4,0.9849,1
FF,75,C,0,5,0,0.5497,0
FF,75,O,0,5,0,0.9576,0
FF,76,C,0,5,0,1.155,0
FF,76,O,0,5,0,1.086,0
FF,77,C,0,4,1.5,0.8376,1
FF,77,O,0,4,0.75,0.5637,1
FF,78,C,0,5,0,1.1517,0
FF,78,O,0,4,0,0.3025,0
FF,79,C,0,5,0,0.6499,0
FF,79,O,0,5,0,1.3908,0
FF,8,C,0,5,2.2,0.872,1
FF,8,O,0,5,0.6,0.9237,1
FF,80,C,0,4,0,0.9748,0
FF,80,O,0,4,0.75,1.4184,1
FF,9,C,0,3,0,0.7905,0
FF,9,O,0,3,0.3333333333,0.4599,1
FF,99,C,0,3,1.6666666667,3.1787,1
FF,99,O,0,3,0,1.0425,0
GO,1,C,0,3,0,1.0567,0
GO,1,O,0,3,0.3333333333,0.7722,1
GO,10,C,0,4,3.75,1.9052,1
GO,152,C,0,4,0.25,1.9023,1
GO,152,O,0,2,1.5,0.9748,1
GO,16,C,0,3,0,0.2016,0
GO,16,O,0,3,0.3333333333,0.6402,1
GO,17,C,0,5,0,0.4534,0
GO,17,O,0,5,0.8,0.7884,1
GO,18,C,0,5,0,1.041,0
GO,18,O,0,5,0.2,2.2818,1
GO,19,O,0,4,3,0.8086,1
GO,20,C,0,2,0,0.6252,0
GO,20,O,0,3,0,11.377,0
GO,21,C,0,4,1.25,1.8954,1
GO,21,O,0,4,0,1.4541,0
GO,27,C,0,5,10.4,1.6112,1
GO,27,O,0,5,12.4,0.3798,1
GO,30,C,0,3,0,1.5888,0
GO,30,O,0,3,0,1.1422,0
GO,32,C,0,5,0.2,0.827,1
GO,32,O,0,4,2.25,1.0007,1
GO,36,C,0,4,0.75,0.8182,1
GO,36,O,0,4,0,0.7828,0
GO,37,O,0,5,5.6,1.2915,1
GO,38,C,0,4,0,1.253,0
GO,38,O,0,5,1.2,0.8475,1
GO,39,C,0,3,0,1.1304,0
GO,39,O,0,3,1.3333333333,1.0848,1
GO,4,C,0,5,0,1.1555,0
GO,41,C,0,4,0.5,0.8226,1
GO,41,O,0,4,0,0.4468,0
GO,43,C,0,3,1,2.0517,1
GO,45,C,0,4,0,1.1475,0
GO,45,O,0,5,0.6,1.0027,1
GO,46,C,0,5,0,0.1316,0
GO,46,O,0,5,0,0.1842,0
GO,47,C,0,4,8,0.3328,1
GO,47,O,0,4,3,0.3478,1
GO,49,O,0,4,0.5,1.0672,1
GO,5,O,0,5,0,0.6903,0
GO,50,C,0,4,2,0.4387,1
GO,50,O,0,5,0,1.1295,0
GO,51,O,0,5,0,0.8218,0
GO,52,C,0,4,0.25,1.0836,1
GO,52,O,0,4,0.25,0.8179,1
GO,53,C,0,5,0.2,1.315,1
GO,53,O,0,5,0,0.5553,0
GO,55,C,0,4,0,0.0643,0
GO,55,O,0,4,0,0.6942,0
GO,56,C,0,2,0,0.3089,0
GO,56,O,0,4,2.5,0.4251,1
GO,59,C,0,5,0.4,0.5025,1
GO,59,O,0,4,0.75,0.3151,1
GO,6,C,0,5,3,1.3482,1
GO,60,C,0,5,6.6,1.4753,1
GO,60,O,0,5,0.6,1.0666,1
GO,61,C,0,3,2.3333333333,1.2371,1
GO,61,O,0,3,2,0.9724,1
GO,62,C,0,3,1.6666666667,1.4273,1
GO,63,C,0,5,0,1.1627,0
GO,64,C,0,4,0.25,0.6148,1
GO,64,O,0,4,0,1.0128,0
GO,65,C,0,4,0,0.7839,0
GO,65,O,0,4,0,0.9264,0
GO,66,C,0,3,4,0.7237,1
GO,66,O,0,4,0.25,1.3731,1
GO,67,C,0,5,0,0.6601,0
GO,67,O,0,5,1.6,0.6867,1
GO,68,C,0,4,0,0.2976,0
GO,7,C,0,5,2.2,2.7099,1
GO,7,O,0,5,0,0.4373,0
GO,70,C,0,4,0,0.4683,0
GO,70,O,0,4,1.75,0.5493,1
GO,71,C,0,4,0,0.2153,0
GO,72,C,0,5,0,0.7333,0
GO,72,O,0,4,0,0.7783,0
GO,73,C,0,5,0,0.664,0
GO,73,O,0,5,0,0.306,0
GO,74,C,0,5,2.8,0.5348,1
GO,74,O,0,5,3.4,0.9849,1
GO,75,C,0,5,0,0.5497,0
GO,75,O,0,5,0.4,0.9576,1
GO,76,C,0,5,0,1.155,0
GO,76,O,0,5,0,1.086,0
GO,77,C,0,4,0,0.8376,0
GO,77,O,0,4,0,0.5637,0
GO,78,C,0,5,0,1.1517,0
GO,78,O,0,4,0,0.3025,0
GO,79,C,0,5,0,0.6499,0
GO,79,O,0,5,0,1.3908,0
GO,8,C,0,5,0,0.872,0
GO,8,O,0,5,0,0.9237,0
GO,80,C,0,4,0.5,0.9748,1
GO,80,O,0,4,1.25,1.4184,1
GO,9,C,0,3,2,0.7905,1
GO,9,O,0,3,0,0.4599,0
GO,99,C,0,3,0.6666666667,3.1787,1
GO,99,O,0,3,0,1.0425,0
GR,1,C,0,3,0.3333333333,1.0567,1
GR,1,O,0,3,0,0.7722,0
GR,10,C,0,4,2.25,1.9052,1
GR,152,C,0,4,0,1.9023,0
GR,152,O,0,2,2,0.9748,1
GR,16,C,0,3,0,0.2016,0
GR,16,O,0,3,5.6666666667,0.6402,1
GR,17,C,0,5,0,0.4534,0
GR,17,O,0,5,9.2,0.7884,1
GR,18,C,0,5,0,1.041,0
GR,18,O,0,5,0,2.2818,0
GR,19,O,0,4,1,0.8086,1
GR,20,C,0,2,0,0.6252,0
GR,20,O,0,3,0,11.377,0
GR,21,C,0,4,0.25,1.8954,1
GR,21,O,0,4,0.25,1.4541,1
GR,27,C,0,5,0.4,1.6112,1
GR,27,O,0,5,0.4,0.3798,1
GR,30,C,0,3,0.3333333333,1.5888,1
GR,30,O,0,3,0,1.1422,0
GR,32,C,0,5,0,0.827,0
GR,32,O,0,4,11,1.0007,1
GR,36,C,0,4,0.75,0.8182,1
GR,36,O,0,4,0,0.7828,0
GR,37,O,0,5,7.6,1.2915,1
GR,38,C,0,4,3.5,1.253,1
GR,38,O,0,5,1,0.8475,1
GR,39,C,0,3,0,1.1304,0
GR,39,O,0,3,0,1.0848,0
GR,4,C,0,5,0.8,1.1555,1
GR,41,C,0,4,0,0.8226,0
GR,41,O,0,4,1.75,0.4468,1
GR,43,C,0,3,0.3333333333,2.0517,1
GR,45,C,0,4,0,1.1475,0
GR,45,O,0,5,3.6,1.0027,1
GR,46,C,0,5,0.4,0.1316,1
GR,46,O,0,5,0.2,0.1842,1
GR,47,C,0,4,0.5,0.3328,1
GR,47,O,0,4,0,0.3478,0
GR,49,O,0,4,0,1.0672,0
GR,5,O,0,5,4,0.6903,1
GR,50,C,0,4,0.5,0.4387,1
GR,50,O,0,5,1.2,1.1295,1
GR,51,O,0,5,0,0.8218,0
GR,52,C,0,4,1,1.0836,1
GR,52,O,0,4,0.5,0.8179,1
GR,53,C,0,5,3.2,1.315,1
GR,53,O,0,5,7.2,0.5553,1
GR,55,C,0,4,0,0.0643,0
GR,55,O,0,4,0,0.6942,0
GR,56,C,0,2,0,0.3089,0
GR,56,O,0,4,5,0.4251,1
GR,59,C,0,5,0,0.5025,0
GR,59,O,0,4,0.25,0.3151,1
GR,6,C,0,5,2.6,1.3482,1
GR,60,C,0,5,2.4,1.4753,1
GR,60,O,0,5,0.8,1.0666,1
GR,61,C,0,3,31.666666667,1.2371,1
GR,61,O,0,3,2.6666666667,0.9724,1
GR,62,C,0,3,0,1.4273,0
GR,63,C,0,5,0,1.1627,0
GR,64,C,0,4,2,0.6148,1
GR,64,O,0,4,0,1.0128,0
GR,65,C,0,4,0,0.7839,0
GR,65,O,0,4,14.5,0.9264,1
GR,66,C,0,3,1,0.7237,1
GR,66,O,0,4,0.5,1.3731,1
GR,67,C,0,5,0,0.6601,0
GR,67,O,0,5,1.4,0.6867,1
GR,68,C,0,4,0,0.2976,0
GR,7,C,0,5,3.6,2.7099,1
GR,7,O,0,5,2,0.4373,1
GR,70,C,0,4,0,0.4683,0
GR,70,O,0,4,0,0.5493,0
GR,71,C,0,4,0,0.2153,0
GR,72,C,0,5,0,0.7333,0
GR,72,O,0,4,0,0.7783,0
GR,73,C,0,5,0.2,0.664,1
GR,73,O,0,5,0,0.306,0
GR,74,C,0,5,0.2,0.5348,1
GR,74,O,0,5,0.8,0.9849,1
GR,75,C,0,5,0,0.5497,0
GR,75,O,0,5,0.8,0.9576,1
GR,76,C,0,5,0.2,1.155,1
GR,76,O,0,5,0.2,1.086,1
GR,77,C,0,4,0,0.8376,0
GR,77,O,0,4,1,0.5637,1
GR,78,C,0,5,0,1.1517,0
GR,78,O,0,4,0.25,0.3025,1
GR,79,C,0,5,0,0.6499,0
GR,79,O,0,5,0,1.3908,0
GR,8,C,0,5,0,0.872,0
GR,8,O,0,5,0.8,0.9237,1
GR,80,C,0,4,0,0.9748,0
GR,80,O,0,4,1.5,1.4184,1
GR,9,C,0,3,0,0.7905,0
GR,9,O,0,3,0,0.4599,0
GR,99,C,0,3,2.6666666667,3.1787,1
GR,99,O,0,3,0,1.0425,0
GT,1,C,0,3,0.3333333333,1.0567,1
GT,1,O,0,3,6.3333333333,0.7722,1
GT,10,C,0,4,0.25,1.9052,1
GT,152,C,0,4,0,1.9023,0
GT,152,O,0,2,2,0.9748,1
GT,16,C,0,3,0,0.2016,0
GT,16,O,0,3,0.3333333333,0.6402,1
GT,17,C,0,5,2,0.4534,1
GT,17,O,0,5,0.2,0.7884,1
GT,18,C,0,5,0.6,1.041,1
GT,18,O,0,5,1.2,2.2818,1
GT,19,O,0,4,0.5,0.8086,1
GT,20,C,0,2,0,0.6252,0
GT,20,O,0,3,1,11.377,1
GT,21,C,0,4,1.25,1.8954,1
GT,21,O,0,4,4.75,1.4541,1
GT,27,C,0,5,4.6,1.6112,1
GT,27,O,0,5,2.4,0.3798,1
GT,30,C,0,3,1,1.5888,1
GT,30,O,0,3,1,1.1422,1
GT,32,C,0,5,1.2,0.827,1
GT,32,O,0,4,0.5,1.0007,1
GT,36,C,0,4,1.75,0.8182,1
GT,36,O,0,4,0,0.7828,0
GT,37,O,0,5,6.4,1.2915,1
GT,38,C,0,4,0.5,1.253,1
GT,38,O,0,5,2.4,0.8475,1
GT,39,C,0,3,1,1.1304,1
GT,39,O,0,3,2,1.0848,1
GT,4,C,0,5,1.4,1.1555,1
GT,41,C,0,4,0,0.8226,0
GT,41,O,0,4,0,0.4468,0
GT,43,C,0,3,0,2.0517,0
GT,45,C,0,4,0.25,1.1475,1
GT,45,O,0,5,5.8,1.0027,1
GT,46,C,0,5,0,0.1316,0
GT,46,O,0,5,0.2,0.1842,1
GT,47,C,0,4,0,0.3328,0
GT,47,O,0,4,0.75,0.3478,1
GT,49,O,0,4,0.25,1.0672,1
GT,5,O,0,5,3.8,0.6903,1
GT,50,C,0,4,4.5,0.4387,1
GT,50,O,0,5,1.8,1.1295,1
GT,51,O,0,5,0,0.8218,0
GT,52,C,0,4,2.25,1.0836,1
GT,52,O,0,4,0.5,0.8179,1
GT,53,C,0,5,0.6,1.315,1
GT,53,O,0,5,2.6,0.5553,1
GT,55,C,0,4,0,0.0643,0
GT,55,O,0,4,0,0.6942,0
GT,56,C,0,2,0,0.3089,0
GT,56,O,0,4,4.5,0.4251,1
GT,59,C,0,5,2,0.5025,1
GT,59,O,0,4,0,0.3151,0
GT,6,C,0,5,1,1.3482,1
GT,60,C,0,5,2.6,1.4753,1
GT,60,O,0,5,1.6,1.0666,1
GT,61,C,0,3,2.3333333333,1.2371,1
GT,61,O,0,3,3.6666666667,0.9724,1
GT,62,C,0,3,0.6666666667,1.4273,1
GT,63,C,0,5,0,1.1627,0
GT,64,C,0,4,0.25,0.6148,1
GT,64,O,0,4,1,1.0128,1
GT,65,C,0,4,0.25,0.7839,1
GT,65,O,0,4,0,0.9264,0
GT,66,C,0,3,0.6666666667,0.7237,1
GT,66,O,0,4,0.5,1.3731,1
GT,67,C,0,5,0,0.6601,0
GT,67,O,0,5,0,0.6867,0
GT,68,C,0,4,0.25,0.2976,1
GT,7,C,0,5,1.4,2.7099,1
GT,7,O,0,5,0,0.4373,0
GT,70,C,0,4,0.25,0.4683,1
GT,70,O,0,4,0.75,0.5493,1
GT,71,C,0,4,0,0.2153,0
GT,72,C,0,5,0,0.7333,0
GT,72,O,0,4,0,0.7783,0
GT,73,C,0,5,0,0.664,0
GT,73,O,0,5,0,0.306,0
GT,74,C,0,5,2.2,0.5348,1
GT,74,O,0,5,1.6,0.9849,1
GT,75,C,0,5,0.4,0.5497,1
GT,75,O,0,5,5.4,0.9576,1
GT,76,C,0,5,1,1.155,1
GT,76,O,0,5,1.2,1.086,1
GT,77,C,0,4,1.5,0.8376,1
GT,77,O,0,4,1.75,0.5637,1
GT,78,C,0,5,2.2,1.1517,1
GT,78,O,0,4,0,0.3025,0
GT,79,C,0,5,0.2,0.6499,1
GT,79,O,0,5,1.4,1.3908,1
GT,8,C,0,5,0,0.872,0
GT,8,O,0,5,0.2,0.9237,1
GT,80,C,0,4,1,0.9748,1
GT,80,O,0,4,0.5,1.4184,1
GT,9,C,0,3,0,0.7905,0
GT,9,O,0,3,0.3333333333,0.4599,1
GT,99,C,0,3,0.6666666667,3.1787,1
GT,99,O,0,3,1.3333333333,1.0425,1
HS,1,C,0,3,6.6666666667,1.0567,1
HS,1,O,0,3,0,0.7722,0
HS,10,C,0,4,0,1.9052,0
HS,152,C,0,4,0,1.9023,0
HS,152,O,0,2,0.5,0.9748,1
HS,16,C,0,3,0,0.2016,0
HS,16,O,0,3,0,0.6402,0
HS,17,C,0,5,0,0.4534,0
HS,17,O,0,5,0,0.7884,0
HS,18,C,0,5,7.8,1.041,1
HS,18,O,0,5,0.4,2.2818,1
HS,19,O,0,4,0,0.8086,0
HS,20,C,0,2,0,0.6252,0
HS,20,O,0,3,0,11.377,0
HS,21,C,0,4,0,1.8954,0
HS,21,O,0,4,0,1.4541,0
HS,27,C,0,5,0,1.6112,0
HS,27,O,0,5,0,0.3798,0
HS,30,C,0,3,0,1.5888,0
HS,30,O,0,3,0,1.1422,0
HS,32,C,0,5,0.2,0.827,1
HS,32,O,0,4,0,1.0007,0
HS,36,C,0,4,0,0.8182,0
HS,36,O,0,4,3,0.7828,1
HS,37,O,0,5,2.2,1.2915,1
HS,38,C,0,4,0,1.253,0
HS,38,O,0,5,0,0.8475,0
HS,39,C,0,3,0,1.1304,0
HS,39,O,0,3,0,1.0848,0
HS,4,C,0,5,0,1.1555,0
HS,41,C,0,4,0,0.8226,0
HS,41,O,0,4,0,0.4468,0
HS,43,C,0,3,0,2.0517,0
HS,45,C,0,4,0,1.1475,0
HS,45,O,0,5,0.2,1.0027,1
HS,46,C,0,5,0,0.1316,0
HS,46,O,0,5,0,0.1842,0
HS,47,C,0,4,1,0.3328,1
HS,47,O,0,4,0,0.3478,0
HS,49,O,0,4,0,1.0672,0
HS,5,O,0,5,1.6,0.6903,1
HS,50,C,0,4,0,0.4387,0
HS,50,O,0,5,6,1.1295,1
HS,51,O,0,5,0.4,0.8218,1
HS,52,C,0,4,0,1.0836,0
HS,52,O,0,4,0,0.8179,0
HS,53,C,0,5,0,1.315,0
HS,53,O,0,5,0,0.5553,0
HS,55,C,0,4,0,0.0643,0
HS,55,O,0,4,0,0.6942,0
HS,56,C,0,2,0,0.3089,0
HS,56,O,0,4,0.5,0.4251,1
HS,59,C,0,5,0,0.5025,0
HS,59,O,0,4,0,0.3151,0
HS,6,C,0,5,4.4,1.3482,1
HS,60,C,0,5,1,1.4753,1
HS,60,O,0,5,0,1.0666,0
HS,61,C,0,3,2,1.2371,1
HS,61,O,0,3,0,0.9724,0
HS,62,C,0,3,0.6666666667,1.4273,1
HS,63,C,0,5,0,1.1627,0
HS,64,C,0,4,0,0.6148,0
HS,64,O,0,4,0,1.0128,0
HS,65,C,0,4,0,0.7839,0
HS,65,O,0,4,0,0.9264,0
HS,66,C,0,3,0,0.7237,0
HS,66,O,0,4,0,1.3731,0
HS,67,C,0,5,0,0.6601,0
HS,67,O,0,5,0,0.6867,0
HS,68,C,0,4,0,0.2976,0
HS,7,C,0,5,0.4,2.7099,1
HS,7,O,0,5,0,0.4373,0
HS,70,C,0,4,0,0.4683,0
HS,70,O,0,4,0,0.5493,0
HS,71,C,0,4,0,0.2153,0
HS,72,C,0,5,0.4,0.7333,1
HS,72,O,0,4,0,0.7783,0
HS,73,C,0,5,0,0.664,0
HS,73,O,0,5,0,0.306,0
HS,74,C,0,5,0,0.5348,0
HS,74,O,0,5,0.2,0.9849,1
HS,75,C,0,5,1.2,0.5497,1
HS,75,O,0,5,0.2,0.9576,1
HS,76,C,0,5,0,1.155,0
HS,76,O,0,5,3.4,1.086,1
HS,77,C,0,4,0,0.8376,0
HS,77,O,0,4,0,0.5637,0
HS,78,C,0,5,0,1.1517,0
HS,78,O,0,4,0,0.3025,0
HS,79,C,0,5,0.6,0.6499,1
HS,79,O,0,5,0,1.3908,0
HS,8,C,0,5,0,0.872,0
HS,8,O,0,5,0,0.9237,0
HS,80,C,0,4,0.25,0.9748,1
HS,80,O,0,4,0,1.4184,0
HS,9,C,0,3,0,0.7905,0
HS,9,O,0,3,0,0.4599,0
HS,99,C,0,3,0,3.1787,0
HS,99,O,0,3,0,1.0425,0
JD,1,C,0,3,0,1.0567,0
JD,1,O,0,3,1.3333333333,0.7722,1
JD,10,C,0,4,5,1.9052,1
JD,152,C,0,4,0,1.9023,0
JD,152,O,0,2,0.5,0.9748,1
JD,16,C,0,3,0,0.2016,0
JD,16,O,0,3,0.6666666667,0.6402,1
JD,17,C,0,5,0,0.4534,0
JD,17,O,0,5,0.8,0.7884,1
JD,18,C,0,5,0,1.041,0
JD,18,O,0,5,0,2.2818,0
JD,19,O,0,4,3.5,0.8086,1
JD,20,C,0,2,0,0.6252,0
JD,20,O,0,3,0,11.377,0
JD,21,C,0,4,18.5,1.8954,1
JD,21,O,0,4,3.75,1.4541,1
JD,27,C,0,5,0,1.6112,0
JD,27,O,0,5,0,0.3798,0
JD,30,C,0,3,0,1.5888,0
JD,30,O,0,3,0,1.1422,0
JD,32,C,0,5,0,0.827,0
JD,32,O,0,4,3.25,1.0007,1
JD,36,C,0,4,1.5,0.8182,1
JD,36,O,0,4,0,0.7828,0
JD,37,O,0,5,16.2,1.2915,1
JD,38,C,0,4,0,1.253,0
JD,38,O,0,5,20.4,0.8475,1
JD,39,C,0,3,0,1.1304,0
JD,39,O,0,3,0,1.0848,0
JD,4,C,0,5,0,1.1555,0
JD,41,C,0,4,0.75,0.8226,1
JD,41,O,0,4,0,0.4468,0
JD,43,C,0,3,0,2.0517,0
JD,45,C,0,4,0,1.1475,0
JD,45,O,0,5,2.8,1.0027,1
JD,46,C,0,5,10,0.1316,1
JD,46,O,0,5,0,0.1842,0
JD,47,C,0,4,0,0.3328,0
JD,47,O,0,4,0,0.3478,0
JD,49,O,0,4,0,1.0672,0
JD,5,O,0,5,0.2,0.6903,1
JD,50,C,0,4,4.25,0.4387,1
JD,50,O,0,5,0,1.1295,0
JD,51,O,0,5,0,0.8218,0
JD,52,C,0,4,1.5,1.0836,1
JD,52,O,0,4,1,0.8179,1
JD,53,C,0,5,0,1.315,0
JD,53,O,0,5,2.8,0.5553,1
JD,55,C,0,4,0,0.0643,0
JD,55,O,0,4,0,0.6942,0
JD,56,C,0,2,0,0.3089,0
JD,56,O,0,4,0,0.4251,0
JD,59,C,0,5,0,0.5025,0
JD,59,O,0,4,1.5,0.3151,1
JD,6,C,0,5,1.4,1.3482,1
JD,60,C,0,5,0,1.4753,0
JD,60,O,0,5,2.2,1.0666,1
JD,61,C,0,3,0,1.2371,0
JD,61,O,0,3,0,0.9724,0
JD,62,C,0,3,0,1.4273,0
JD,63,C,0,5,2.8,1.1627,1
JD,64,C,0,4,0,0.6148,0
JD,64,O,0,4,0,1.0128,0
JD,65,C,0,4,0,0.7839,0
JD,65,O,0,4,0,0.9264,0
JD,66,C,0,3,1,0.7237,1
JD,66,O,0,4,1,1.3731,1
JD,67,C,0,5,0,0.6601,0
JD,67,O,0,5,0,0.6867,0
JD,68,C,0,4,0,0.2976,0
JD,7,C,0,5,0.4,2.7099,1
JD,7,O,0,5,0,0.4373,0
JD,70,C,0,4,0,0.4683,0
JD,70,O,0,4,0,0.5493,0
JD,71,C,0,4,0,0.2153,0
JD,72,C,0,5,0,0.7333,0
JD,72,O,0,4,0,0.7783,0
JD,73,C,0,5,0,0.664,0
JD,73,O,0,5,0,0.306,0
JD,74,C,0,5,0.4,0.5348,1
JD,74,O,0,5,0,0.9849,0
JD,75,C,0,5,0,0.5497,0
JD,75,O,0,5,0,0.9576,0
JD,76,C,0,5,0.6,1.155,1
JD,76,O,0,5,0,1.086,0
JD,77,C,0,4,0,0.8376,0
JD,77,O,0,4,0,0.5637,0
JD,78,C,0,5,0,1.1517,0
JD,78,O,0,4,0,0.3025,0
JD,79,C,0,5,0,0.6499,0
JD,79,O,0,5,0.4,1.3908,1
JD,8,C,0,5,0,0.872,0
JD,8,O,0,5,0,0.9237,0
JD,80,C,0,4,0,0.9748,0
JD,80,O,0,4,3.75,1.4184,1
JD,9,C,0,3,0,0.7905,0
JD,9,O,0,3,0,0.4599,0
JD,99,C,0,3,0,3.1787,0
JD,99,O,0,3,0,1.0425,0
K.,1,C,0,3,0,1.0567,0
K.,1,O,0,3,0,0.7722,0
K.,10,C,0,4,0,1.9052,0
K.,152,C,0,4,0.25,1.9023,1
K.,152,O,0,2,0,0.9748,0
K.,16,C,0,3,0,0.2016,0
K.,16,O,0,3,0,0.6402,0
K.,17,C,0,5,0,0.4534,0
K.,17,O,0,5,0,0.7884,0
K.,18,C,0,5,0.2,1.041,1
K.,18,O,0,5,0.2,2.2818,1
K.,19,O,0,4,0,0.8086,0
K.,20,C,0,2,0,0.6252,0
K.,20,O,0,3,0,11.377,0
K.,21,C,0,4,0.25,1.8954,1
K.,21,O,0,4,0,1.4541,0
K.,27,C,0,5,0,1.6112,0
K.,27,O,0,5,0,0.3798,0
K.,30,C,0,3,0,1.5888,0
K.,30,O,0,3,0.3333333333,1.1422,1
K.,32,C,0,5,0,0.827,0
K.,32,O,0,4,0.25,1.0007,1
K.,36,C,0,4,0,0.8182,0
K.,36,O,0,4,0,0.7828,0
K.,37,O,0,5,0.4,1.2915,1
K.,38,C,0,4,0,1.253,0
K.,38,O,0,5,0.4,0.8475,1
K.,39,C,0,3,0,1.1304,0
K.,39,O,0,3,0,1.0848,0
K.,4,C,0,5,0.2,1.1555,1
K.,41,C,0,4,0,0.8226,0
K.,41,O,0,4,0,0.4468,0
K.,43,C,0,3,0,2.0517,0
K.,45,C,0,4,0,1.1475,0
K.,45,O,0,5,0.2,1.0027,1
K.,46,C,0,5,0,0.1316,0
K.,46,O,0,5,0,0.1842,0
K.,47,C,0,4,0,0.3328,0
K.,47,O,0,4,0,0.3478,0
K.,49,O,0,4,0,1.0672,0
K.,5,O,0,5,0.2,0.6903,1
K.,50,C,0,4,0.25,0.4387,1
K.,50,O,0,5,0.2,1.1295,1
K.,51,O,0,5,0.2,0.8218,1
K.,52,C,0,4,0,1.0836,0
K.,52,O,0,4,0,0.8179,0
K.,53,C,0,5,0,1.315,0
K.,53,O,0,5,0,0.5553,0
K.,55,C,0,4,0,0.0643,0
K.,55,O,0,4,0,0.6942,0
K.,56,C,0,2,0,0.3089,0
K.,56,O,0,4,0,0.4251,0
K.,59,C,0,5,0,0.5025,0
K.,59,O,0,4,0,0.3151,0
K.,6,C,0,5,0,1.3482,0
K.,60,C,0,5,0,1.4753,0
K.,60,O,0,5,0,1.0666,0
K.,61,C,0,3,0,1.2371,0
K.,61,O,0,3,0,0.9724,0
K.,62,C,0,3,0,1.4273,0
K.,63,C,0,5,0,1.1627,0
K.,64,C,0,4,0,0.6148,0
K.,64,O,0,4,0,1.0128,0
K.,65,C,0,4,0,0.7839,0
K.,65,O,0,4,0.25,0.9264,1
K.,66,C,0,3,0,0.7237,0
K.,66,O,0,4,0,1.3731,0
K.,67,C,0,5,0,0.6601,0
K.,67,O,0,5,0.6,0.6867,1
K.,68,C,0,4,0,0.2976,0
K.,7,C,0,5,0,2.7099,0
K.,7,O,0,5,0,0.4373,0
K.,70,C,0,4,0,0.4683,0
K.,70,O,0,4,0.25,0.5493,1
K.,71,C,0,4,0,0.2153,0
K.,72,C,0,5,0,0.7333,0
K.,72,O,0,4,0,0.7783,0
K.,73,C,0,5,0,0.664,0
K.,73,O,0,5,0,0.306,0
K.,74,C,0,5,0,0.5348,0
K.,74,O,0,5,0,0.9849,0
K.,75,C,0,5,0,0.5497,0
K.,75,O,0,5,0,0.9576,0
K.,76,C,0,5,0,1.155,0
K.,76,O,0,5,0,1.086,0
K.,77,C,0,4,0,0.8376,0
K.,77,O,0,4,0,0.5637,0
K.,78,C,0,5,0,1.1517,0
K.,78,O,0,4,0,0.3025,0
K.,79,C,0,5,0,0.6499,0
K.,79,O,0,5,0,1.3908,0
K.,8,C,0,5,0.2,0.872,1
K.,8,O,0,5,0,0.9237,0
K.,80,C,0,4,0,0.9748,0
K.,80,O,0,4,0,1.4184,0
K.,9,C,0,3,0.3333333333,0.7905,1
K.,9,O,0,3,0.3333333333,0.4599,1
K.,99,C,0,3,0,3.1787,0
K.,99,O,0,3,0,1.0425,0
L.,1,C,0,3,0,1.0567,0
L.,1,O,0,3,0,0.7722,0
L.,10,C,0,4,3,1.9052,1
L.,152,C,0,4,0,1.9023,0
L.,152,O,0,2,0,0.9748,0
L.,16,C,0,3,0,0.2016,0
L.,16,O,0,3,0,0.6402,0
L.,17,C,0,5,0,0.4534,0
L.,17,O,0,5,0,0.7884,0
L.,18,C,0,5,0,1.041,0
L.,18,O,0,5,0,2.2818,0
L.,19,O,0,4,0,0.8086,0
L.,20,C,0,2,0,0.6252,0
L.,20,O,0,3,0,11.377,0
L.,21,C,0,4,0,1.8954,0
L.,21,O,0,4,0,1.4541,0
L.,27,C,0,5,0,1.6112,0
L.,27,O,0,5,0,0.3798,0
L.,30,C,0,3,0,1.5888,0
L.,30,O,0,3,0,1.1422,0
L.,32,C,0,5,0,0.827,0
L.,32,O,0,4,0,1.0007,0
L.,36,C,0,4,0,0.8182,0
L.,36,O,0,4,0,0.7828,0
L.,37,O,0,5,0,1.2915,0
L.,38,C,0,4,0,1.253,0
L.,38,O,0,5,0,0.8475,0
L.,39,C,0,3,0,1.1304,0
L.,39,O,0,3,0,1.0848,0
L.,4,C,0,5,0,1.1555,0
L.,41,C,0,4,0,0.8226,0
L.,41,O,0,4,0,0.4468,0
L.,43,C,0,3,0,2.0517,0
L.,45,C,0,4,0,1.1475,0
L.,45,O,0,5,0,1.0027,0
L.,46,C,0,5,0,0.1316,0
L.,46,O,0,5,0,0.1842,0
L.,47,C,0,4,0,0.3328,0
L.,47,O,0,4,0,0.3478,0
L.,49,O,0,4,0.25,1.0672,1
L.,5,O,0,5,0,0.6903,0
L.,50,C,0,4,0,0.4387,0
L.,50,O,0,5,0,1.1295,0
L.,51,O,0,5,0,0.8218,0
L.,52,C,0,4,0,1.0836,0
L.,52,O,0,4,0,0.8179,0
L.,53,C,0,5,0,1.315,0
L.,53,O,0,5,0,0.5553,0
L.,55,C,0,4,0,0.0643,0
L.,55,O,0,4,0,0.6942,0
L.,56,C,0,2,0,0.3089,0
L.,56,O,0,4,0,0.4251,0
L.,59,C,0,5,0,0.5025,0
L.,59,O,0,4,0,0.3151,0
L.,6,C,0,5,0,1.3482,0
L.,60,C,0,5,0,1.4753,0
L.,60,O,0,5,0,1.0666,0
L.,61,C,0,3,0,1.2371,0
L.,61,O,0,3,0,0.9724,0
L.,62,C,0,3,0,1.4273,0
L.,63,C,0,5,0,1.1627,0
L.,64,C,0,4,0,0.6148,0
L.,64,O,0,4,0,1.0128,0
L.,65,C,0,4,0,0.7839,0
L.,65,O,0,4,0,0.9264,0
L.,66,C,0,3,0,0.7237,0
L.,66,O,0,4,0,1.3731,0
L.,67,C,0,5,0,0.6601,0
L.,67,O,0,5,0,0.6867,0
L.,68,C,0,4,0,0.2976,0
L.,7,C,0,5,0,2.7099,0
L.,7,O,0,5,0,0.4373,0
L.,70,C,0,4,0.25,0.4683,1
L.,70,O,0,4,0,0.5493,0
L.,71,C,0,4,0,0.2153,0
L.,72,C,0,5,0,0.7333,0
L.,72,O,0,4,0,0.7783,0
L.,73,C,0,5,0,0.664,0
L.,73,O,0,5,0,0.306,0
L.,74,C,0,5,0,0.5348,0
L.,74,O,0,5,0,0.9849,0
L.,75,C,0,5,0,0.5497,0
L.,75,O,0,5,0,0.9576,0
L.,76,C,0,5,0,1.155,0
L.,76,O,0,5,0,1.086,0
L.,77,C,0,4,0,0.8376,0
L.,77,O,0,4,0,0.5637,0
L.,78,C,0,5,0,1.1517,0
L.,78,O,0,4,0,0.3025,0
L.,79,C,0,5,0,0.6499,0
L.,79,O,0,5,0,1.3908,0
L.,8,C,0,5,0,0.872,0
L.,8,O,0,5,0,0.9237,0
L.,80,C,0,4,0,0.9748,0
L.,80,O,0,4,0,1.4184,0
L.,9,C,0,3,0,0.7905,0
L.,9,O,0,3,0,0.4599,0
L.,99,C,0,3,0,3.1787,0
L.,99,O,0,3,0,1.0425,0
LI,1,C,0,3,0,1.0567,0
LI,1,O,0,3,0,0.7722,0
LI,10,C,0,4,4,1.9052,1
LI,152,C,0,4,0,1.9023,0
LI,152,O,0,2,0.5,0.9748,1
LI,16,C,0,3,0,0.2016,0
LI,16,O,0,3,4.3333333333,0.6402,1
LI,17,C,0,5,0,0.4534,0
LI,17,O,0,5,2.4,0.7884,1
LI,18,C,0,5,1,1.041,1
LI,18,O,0,5,0,2.2818,0
LI,19,O,0,4,0,0.8086,0
LI,20,C,0,2,0,0.6252,0
LI,20,O,0,3,0,11.377,0
LI,21,C,0,4,0.25,1.8954,1
LI,21,O,0,4,0,1.4541,0
LI,27,C,0,5,0,1.6112,0
LI,27,O,0,5,0,0.3798,0
LI,30,C,0,3,0,1.5888,0
LI,30,O,0,3,0,1.1422,0
LI,32,C,0,5,0,0.827,0
LI,32,O,0,4,0,1.0007,0
LI,36,C,0,4,0,0.8182,0
LI,36,O,0,4,0,0.7828,0
LI,37,O,0,5,0.4,1.2915,1
LI,38,C,0,4,1.25,1.253,1
LI,38,O,0,5,11,0.8475,1
LI,39,C,0,3,0,1.1304,0
LI,39,O,0,3,0,1.0848,0
LI,4,C,0,5,12.2,1.1555,1
LI,41,C,0,4,0,0.8226,0
LI,41,O,0,4,0,0.4468,0
LI,43,C,0,3,0,2.0517,0
LI,45,C,0,4,0,1.1475,0
LI,45,O,0,5,0,1.0027,0
LI,46,C,0,5,0,0.1316,0
LI,46,O,0,5,0,0.1842,0
LI,47,C,0,4,0.5,0.3328,1
LI,47,O,0,4,0,0.3478,0
LI,49,O,0,4,0,1.0672,0
LI,5,O,0,5,0.2,0.6903,1
LI,50,C,0,4,0,0.4387,0
LI,50,O,0,5,0.6,1.1295,1
LI,51,O,0,5,0,0.8218,0
LI,52,C,0,4,0,1.0836,0
LI,52,O,0,4,0,0.8179,0
LI,53,C,0,5,0,1.315,0
LI,53,O,0,5,0,0.5553,0
LI,55,C,0,4,0,0.0643,0
LI,55,O,0,4,0,0.6942,0
LI,56,C,0,2,0,0.3089,0
LI,56,O,0,4,0,0.4251,0
LI,59,C,0,5,0,0.5025,0
LI,59,O,0,4,0,0.3151,0
LI,6,C,0,5,1.8,1.3482,1
LI,60,C,0,5,0,1.4753,0
LI,60,O,0,5,0.4,1.0666,1
LI,61,C,0,3,0,1.2371,0
LI,61,O,0,3,0,0.9724,0
LI,62,C,0,3,0,1.4273,0
LI,63,C,0,5,0,1.1627,0
LI,64,C,0,4,0,0.6148,0
LI,64,O,0,4,0,1.0128,0
LI,65,C,0,4,0,0.7839,0
LI,65,O,0,4,0,0.9264,0
LI,66,C,0,3,0,0.7237,0
LI,66,O,0,4,0,1.3731,0
LI,67,C,0,5,0,0.6601,0
LI,67,O,0,5,0,0.6867,0
LI,68,C,0,4,0,0.2976,0
LI,7,C,0,5,0,2.7099,0
LI,7,O,0,5,0.8,0.4373,1
LI,70,C,0,4,0,0.4683,0
LI,70,O,0,4,0,0.5493,0
LI,71,C,0,4,0,0.2153,0
LI,72,C,0,5,8.6,0.7333,1
LI,72,O,0,4,0,0.7783,0
LI,73,C,0,5,0,0.664,0
LI,73,O,0,5,0,0.306,0
LI,74,C,0,5,0,0.5348,0
LI,74,O,0,5,0,0.9849,0
LI,75,C,0,5,0,0.5497,0
LI,75,O,0,5,0,0.9576,0
LI,76,C,0,5,0,1.155,0
LI,76,O,0,5,0,1.086,0
LI,77,C,0,4,0,0.8376,0
LI,77,O,0,4,0,0.5637,0
LI,78,C,0,5,0,1.1517,0
LI,78,O,0,4,0,0.3025,0
LI,79,C,0,5,0,0.6499,0
LI,79,O,0,5,0,1.3908,0
LI,8,C,0,5,0,0.872,0
LI,8,O,0,5,0,0.9237,0
LI,80,C,0,4,0,0.9748,0
LI,80,O,0,4,0,1.4184,0
LI,9,C,0,3,0,0.7905,0
LI,9,O,0,3,1.3333333333,0.4599,1
LI,99,C,0,3,0,3.1787,0
LI,99,O,0,3,0,1.0425,0
LT,1,C,0,3,0.6666666667,1.0567,1
LT,1,O,0,3,0,0.7722,0
LT,10,C,0,4,0.5,1.9052,1
LT,152,C,0,4,0.75,1.9023,1
LT,152,O,0,2,0,0.9748,0
LT,16,C,0,3,0,0.2016,0
LT,16,O,0,3,0,0.6402,0
LT,17,C,0,5,0,0.4534,0
LT,17,O,0,5,0,0.7884,0
LT,18,C,0,5,0,1.041,0
LT,18,O,0,5,0.4,2.2818,1
LT,19,O,0,4,0,0.8086,0
LT,20,C,0,2,0,0.6252,0
LT,20,O,0,3,0,11.377,0
LT,21,C,0,4,0,1.8954,0
LT,21,O,0,4,0.5,1.4541,1
LT,27,C,0,5,2.8,1.6112,1
LT,27,O,0,5,2.8,0.3798,1
LT,30,C,0,3,2.6666666667,1.5888,1
LT,30,O,0,3,0,1.1422,0
LT,32,C,0,5,4,0.827,1
LT,32,O,0,4,0,1.0007,0
LT,36,C,0,4,0,0.8182,0
LT,36,O,0,4,0,0.7828,0
LT,37,O,0,5,8.2,1.2915,1
LT,38,C,0,4,1.5,1.253,1
LT,38,O,0,5,1,0.8475,1
LT,39,C,0,3,0,1.1304,0
LT,39,O,0,3,0,1.0848,0
LT,4,C,0,5,0.4,1.1555,1
LT,41,C,0,4,0,0.8226,0
LT,41,O,0,4,0,0.4468,0
LT,43,C,0,3,0,2.0517,0
LT,45,C,0,4,0,1.1475,0
LT,45,O,0,5,1.2,1.0027,1
LT,46,C,0,5,0,0.1316,0
LT,46,O,0,5,0,0.1842,0
LT,47,C,0,4,0,0.3328,0
LT,47,O,0,4,0,0.3478,0
LT,49,O,0,4,0,1.0672,0
LT,5,O,0,5,1.6,0.6903,1
LT,50,C,0,4,1.5,0.4387,1
LT,50,O,0,5,2.8,1.1295,1
LT,51,O,0,5,7.2,0.8218,1
LT,52,C,0,4,3.5,1.0836,1
LT,52,O,0,4,3.25,0.8179,1
LT,53,C,0,5,0.2,1.315,1
LT,53,O,0,5,0,0.5553,0
LT,55,C,0,4,0,0.0643,0
LT,55,O,0,4,0,0.6942,0
LT,56,C,0,2,3.5,0.3089,1
LT,56,O,0,4,3,0.4251,1
LT,59,C,0,5,0,0.5025,0
LT,59,O,0,4,0,0.3151,0
LT,6,C,0,5,2,1.3482,1
LT,60,C,0,5,1.8,1.4753,1
LT,60,O,0,5,5.2,1.0666,1
LT,61,C,0,3,1,1.2371,1
LT,61,O,0,3,1.3333333333,0.9724,1
LT,62,C,0,3,1,1.4273,1
LT,63,C,0,5,0.4,1.1627,1
LT,64,C,0,4,0,0.6148,0
LT,64,O,0,4,5,1.0128,1
LT,65,C,0,4,2,0.7839,1
LT,65,O,0,4,1.75,0.9264,1
LT,66,C,0,3,0,0.7237,0
LT,66,O,0,4,0.75,1.3731,1
LT,67,C,0,5,0,0.6601,0
LT,67,O,0,5,0,0.6867,0
LT,68,C,0,4,1.25,0.2976,1
LT,7,C,0,5,0.4,2.7099,1
LT,7,O,0,5,0,0.4373,0
LT,70,C,0,4,0.5,0.4683,1
LT,70,O,0,4,3,0.5493,1
LT,71,C,0,4,0,0.2153,0
LT,72,C,0,5,0,0.7333,0
LT,72,O,0,4,0,0.7783,0
LT,73,C,0,5,0,0.664,0
LT,73,O,0,5,0,0.306,0
LT,74,C,0,5,2,0.5348,1
LT,74,O,0,5,2.4,0.9849,1
LT,75,C,0,5,0,0.5497,0
LT,75,O,0,5,5.8,0.9576,1
LT,76,C,0,5,6,1.155,1
LT,76,O,0,5,0,1.086,0
LT,77,C,0,4,5.5,0.8376,1
LT,77,O,0,4,3.5,0.5637,1
LT,78,C,0,5,1.6,1.1517,1
LT,78,O,0,4,0,0.3025,0
LT,79,C,0,5,0.8,0.6499,1
LT,79,O,0,5,0,1.3908,0
LT,8,C,0,5,0,0.872,0
LT,8,O,0,5,3.2,0.9237,1
LT,80,C,0,4,1.25,0.9748,1
LT,80,O,0,4,8.5,1.4184,1
LT,9,C,0,3,0,0.7905,0
LT,9,O,0,3,0,0.4599,0
LT,99,C,0,3,0.3333333333,3.1787,1
LT,99,O,0,3,4.6666666667,1.0425,1
MG,1,C,0,3,1,1.0567,1
MG,1,O,0,3,0.3333333333,0.7722,1
MG,10,C,0,4,0,1.9052,0
MG,152,C,0,4,0.25,1.9023,1
MG,152,O,0,2,1,0.9748,1
MG,16,C,0,3,0,0.2016,0
MG,16,O,0,3,0.6666666667,0.6402,1
MG,17,C,0,5,0,0.4534,0
MG,17,O,0,5,0,0.7884,0
MG,18,C,0,5,2.6,1.041,1
MG,18,O,0,5,0,2.2818,0
MG,19,O,0,4,0,0.8086,0
MG,20,C,0,2,0,0.6252,0
MG,20,O,0,3,0.3333333333,11.377,1
MG,21,C,0,4,0.5,1.8954,1
MG,21,O,0,4,0,1.4541,0
MG,27,C,0,5,0,1.6112,0
MG,27,O,0,5,0.6,0.3798,1
MG,30,C,0,3,0,1.5888,0
MG,30,O,0,3,0,1.1422,0
MG,32,C,0,5,0.4,0.827,1
MG,32,O,0,4,1.5,1.0007,1
MG,36,C,0,4,0.25,0.8182,1
MG,36,O,0,4,0.5,0.7828,1
MG,37,O,0,5,1.2,1.2915,1
MG,38,C,0,4,1,1.253,1
MG,38,O,0,5,0,0.8475,0
MG,39,C,0,3,1,1.1304,1
MG,39,O,0,3,0,1.0848,0
MG,4,C,0,5,2,1.1555,1
MG,41,C,0,4,0,0.8226,0
MG,41,O,0,4,0,0.4468,0
MG,43,C,0,3,0,2.0517,0
MG,45,C,0,4,0,1.1475,0
MG,45,O,0,5,1.4,1.0027,1
MG,46,C,0,5,0.2,0.1316,1
MG,46,O,0,5,0,0.1842,0
MG,47,C,0,4,0.25,0.3328,1
MG,47,O,0,4,1,0.3478,1
MG,49,O,0,4,0,1.0672,0
MG,5,O,0,5,0.6,0.6903,1
MG,50,C,0,4,1.75,0.4387,1
MG,50,O,0,5,0.4,1.1295,1
MG,51,O,0,5,1.2,0.8218,1
MG,52,C,0,4,1.75,1.0836,1
MG,52,O,0,4,2.25,0.8179,1
MG,53,C,0,5,0.2,1.315,1
MG,53,O,0,5,3.6,0.5553,1
MG,55,C,0,4,0,0.0643,0
MG,55,O,0,4,0,0.6942,0
MG,56,C,0,2,0,0.3089,0
MG,56,O,0,4,2,0.4251,1
MG,59,C,0,5,0,0.5025,0
MG,59,O,0,4,0.25,0.3151,1
MG,6,C,0,5,0.2,1.3482,1
MG,60,C,0,5,1.6,1.4753,1
MG,60,O,0,5,0.2,1.0666,1
MG,61,C,0,3,1.3333333333,1.2371,1
MG,61,O,0,3,1.3333333333,0.9724,1
MG,62,C,0,3,0,1.4273,0
MG,63,C,0,5,2.4,1.1627,1
MG,64,C,0,4,0,0.6148,0
MG,64,O,0,4,0,1.0128,0
MG,65,C,0,4,0.5,0.7839,1
MG,65,O,0,4,0.25,0.9264,1
MG,66,C,0,3,1.3333333333,0.7237,1
MG,66,O,0,4,0.5,1.3731,1
MG,67,C,0,5,0,0.6601,0
MG,67,O,0,5,1.2,0.6867,1
MG,68,C,0,4,1,0.2976,1
MG,7,C,0,5,0,2.7099,0
MG,7,O,0,5,0,0.4373,0
MG,70,C,0,4,0.25,0.4683,1
MG,70,O,0,4,0.25,0.5493,1
MG,71,C,0,4,0.25,0.2153,1
MG,72,C,0,5,0.2,0.7333,1
MG,72,O,0,4,0,0.7783,0
MG,73,C,0,5,0,0.664,0
MG,73,O,0,5,0,0.306,0
MG,74,C,0,5,0,0.5348,0
MG,74,O,0,5,0.4,0.9849,1
MG,75,C,0,5,0,0.5497,0
MG,75,O,0,5,0.6,0.9576,1
MG,76,C,0,5,0.6,1.155,1
MG,76,O,0,5,0,1.086,0
MG,77,C,0,4,0.5,0.8376,1
MG,77,O,0,4,0.25,0.5637,1
MG,78,C,0,5,5.2,1.1517,1
MG,78,O,0,4,0.25,0.3025,1
MG,79,C,0,5,0.2,0.6499,1
MG,79,O,0,5,0.4,1.3908,1
MG,8,C,0,5,0,0.872,0
MG,8,O,0,5,0,0.9237,0
MG,80,C,0,4,0.5,0.9748,1
MG,80,O,0,4,0,1.4184,0
MG,9,C,0,3,0.3333333333,0.7905,1
MG,9,O,0,3,0,0.4599,0
MG,99,C,0,3,0,3.1787,0
MG,99,O,0,3,0,1.0425,0
MP,1,C,0,3,0,1.0567,0
MP,1,O,0,3,0,0.7722,0
MP,10,C,0,4,1,1.9052,1
MP,152,C,0,4,0,1.9023,0
MP,152,O,0,2,0,0.9748,0
MP,16,C,0,3,0,0.2016,0
MP,16,O,0,3,0,0.6402,0
MP,17,C,0,5,0,0.4534,0
MP,17,O,0,5,0.2,0.7884,1
MP,18,C,0,5,0,1.041,0
MP,18,O,0,5,0,2.2818,0
MP,19,O,0,4,0,0.8086,0
MP,20,C,0,2,1.5,0.6252,1
MP,20,O,0,3,0,11.377,0
MP,21,C,0,4,0.5,1.8954,1
MP,21,O,0,4,0.25,1.4541,1
MP,27,C,0,5,0,1.6112,0
MP,27,O,0,5,0,0.3798,0
MP,30,C,0,3,0,1.5888,0
MP,30,O,0,3,0,1.1422,0
MP,32,C,0,5,0,0.827,0
MP,32,O,0,4,0.25,1.0007,1
MP,36,C,0,4,0,0.8182,0
MP,36,O,0,4,0,0.7828,0
MP,37,O,0,5,0,1.2915,0
MP,38,C,0,4,0.75,1.253,1
MP,38,O,0,5,0.2,0.8475,1
MP,39,C,0,3,0,1.1304,0
MP,39,O,0,3,0,1.0848,0
MP,4,C,0,5,0,1.1555,0
MP,41,C,0,4,0,0.8226,0
MP,41,O,0,4,0,0.4468,0
MP,43,C,0,3,0,2.0517,0
MP,45,C,0,4,0,1.1475,0
MP,45,O,0,5,0,1.0027,0
MP,46,C,0,5,0,0.1316,0
MP,46,O,0,5,0,0.1842,0
MP,47,C,0,4,0.25,0.3328,1
MP,47,O,0,4,0,0.3478,0
MP,49,O,0,4,0.75,1.0672,1
MP,5,O,0,5,0,0.6903,0
MP,50,C,0,4,0,0.4387,0
MP,50,O,0,5,0,1.1295,0
MP,51,O,0,5,2.8,0.8218,1
MP,52,C,0,4,0.5,1.0836,1
MP,52,O,0,4,1.5,0.8179,1
MP,53,C,0,5,0,1.315,0
MP,53,O,0,5,0,0.5553,0
MP,55,C,0,4,0,0.0643,0
MP,55,O,0,4,0,0.6942,0
MP,56,C,0,2,0,0.3089,0
MP,56,O,0,4,0,0.4251,0
MP,59,C,0,5,0,0.5025,0
MP,59,O,0,4,0,0.3151,0
MP,6,C,0,5,0,1.3482,0
MP,60,C,0,5,0,1.4753,0
MP,60,O,0,5,1.4,1.0666,1
MP,61,C,0,3,0,1.2371,0
MP,61,O,0,3,0,0.9724,0
MP,62,C,0,3,0,1.4273,0
MP,63,C,0,5,0.2,1.1627,1
MP,64,C,0,4,0,0.6148,0
MP,64,O,0,4,0,1.0128,0
MP,65,C,0,4,0,0.7839,0
MP,65,O,0,4,0,0.9264,0
MP,66,C,0,3,0,0.7237,0
MP,66,O,0,4,0,1.3731,0
MP,67,C,0,5,0,0.6601,0
MP,67,O,0,5,0,0.6867,0
MP,68,C,0,4,0,0.2976,0
MP,7,C,0,5,0.2,2.7099,1
MP,7,O,0,5,0,0.4373,0
MP,70,C,0,4,0,0.4683,0
MP,70,O,0,4,0,0.5493,0
MP,71,C,0,4,0,0.2153,0
MP,72,C,0,5,5,0.7333,1
MP,72,O,0,4,0,0.7783,0
MP,73,C,0,5,0,0.664,0
MP,73,O,0,5,0,0.306,0
MP,74,C,0,5,0,0.5348,0
MP,74,O,0,5,0,0.9849,0
MP,75,C,0,5,0,0.5497,0
MP,75,O,0,5,0,0.9576,0
MP,76,C,0,5,0,1.155,0
MP,76,O,0,5,0,1.086,0
MP,77,C,0,4,0,0.8376,0
MP,77,O,0,4,0,0.5637,0
MP,78,C,0,5,0,1.1517,0
MP,78,O,0,4,0,0.3025,0
MP,79,C,0,5,0,0.6499,0
MP,79,O,0,5,0.4,1.3908,1
MP,8,C,0,5,0,0.872,0
MP,8,O,0,5,0,0.9237,0
MP,80,C,0,4,0,0.9748,0
MP,80,O,0,4,0,1.4184,0
MP,9,C,0,3,0.3333333333,0.7905,1
MP,9,O,0,3,0,0.4599,0
MP,99,C,0,3,0,3.1787,0
MP,99,O,0,3,0,1.0425,0
P.,1,C,0,3,0,1.0567,0
P.,1,O,0,3,0,0.7722,0
P.,10,C,0,4,0,1.9052,0
P.,152,C,0,4,0,1.9023,0
P.,152,O,0,2,0,0.9748,0
P.,16,C,0,3,0,0.2016,0
P.,16,O,0,3,0,0.6402,0
P.,17,C,0,5,0,0.4534,0
P.,17,O,0,5,0,0.7884,0
P.,18,C,0,5,0,1.041,0
P.,18,O,0,5,0,2.2818,0
P.,19,O,0,4,0,0.8086,0
P.,20,C,0,2,0,0.6252,0
P.,20,O,0,3,0,11.377,0
P.,21,C,0,4,0,1.8954,0
P.,21,O,0,4,0,1.4541,0
P.,27,C,0,5,0,1.6112,0
P.,27,O,0,5,0,0.3798,0
P.,30,C,0,3,0,1.5888,0
P.,30,O,0,3,0,1.1422,0
P.,32,C,0,5,0,0.827,0
P.,32,O,0,4,0,1.0007,0
P.,36,C,0,4,2,0.8182,1
P.,36,O,0,4,0,0.7828,0
P.,37,O,0,5,0,1.2915,0
P.,38,C,0,4,0,1.253,0
P.,38,O,0,5,0,0.8475,0
P.,39,C,0,3,0,1.1304,0
P.,39,O,0,3,0,1.0848,0
P.,4,C,0,5,0,1.1555,0
P.,41,C,0,4,0,0.8226,0
P.,41,O,0,4,0,0.4468,0
P.,43,C,0,3,0,2.0517,0
P.,45,C,0,4,0,1.1475,0
P.,45,O,0,5,0,1.0027,0
P.,46,C,0,5,0,0.1316,0
P.,46,O,0,5,0,0.1842,0
P.,47,C,0,4,0,0.3328,0
P.,47,O,0,4,0,0.3478,0
P.,49,O,0,4,0,1.0672,0
P.,5,O,0,5,0,0.6903,0
P.,50,C,0,4,0,0.4387,0
P.,50,O,0,5,0,1.1295,0
P.,51,O,0,5,0,0.8218,0
P.,52,C,0,4,0,1.0836,0
P.,52,O,0,4,0,0.8179,0
P.,53,C,0,5,0,1.315,0
P.,53,O,0,5,0,0.5553,0
P.,55,C,0,4,0,0.0643,0
P.,55,O,0,4,0,0.6942,0
P.,56,C,0,2,0,0.3089,0
P.,56,O,0,4,0,0.4251,0
P.,59,C,0,5,0,0.5025,0
P.,59,O,0,4,0,0.3151,0
P.,6,C,0,5,0,1.3482,0
P.,60,C,0,5,0,1.4753,0
P.,60,O,0,5,0,1.0666,0
P.,61,C,0,3,0,1.2371,0
P.,61,O,0,3,0,0.9724,0
P.,62,C,0,3,0,1.4273,0
P.,63,C,0,5,0,1.1627,0
P.,64,C,0,4,0,0.6148,0
P.,64,O,0,4,0,1.0128,0
P.,65,C,0,4,0,0.7839,0
P.,65,O,0,4,0,0.9264,0
P.,66,C,0,3,0,0.7237,0
P.,66,O,0,4,0,1.3731,0
P.,67,C,0,5,0,0.6601,0
P.,67,O,0,5,0,0.6867,0
P.,68,C,0,4,0,0.2976,0
P.,7,C,0,5,0,2.7099,0
P.,7,O,0,5,0,0.4373,0
P.,70,C,0,4,0,0.4683,0
P.,70,O,0,4,0,0.5493,0
P.,71,C,0,4,0,0.2153,0
P.,72,C,0,5,0.6,0.7333,1
P.,72,O,0,4,0,0.7783,0
P.,73,C,0,5,0,0.664,0
P.,73,O,0,5,0,0.306,0
P.,74,C,0,5,0,0.5348,0
P.,74,O,0,5,0,0.9849,0
P.,75,C,0,5,0,0.5497,0
P.,75,O,0,5,0,0.9576,0
P.,76,C,0,5,0,1.155,0
P.,76,O,0,5,0,1.086,0
P.,77,C,0,4,0,0.8376,0
P.,77,O,0,4,0,0.5637,0
P.,78,C,0,5,0,1.1517,0
P.,78,O,0,4,0,0.3025,0
P.,79,C,0,5,0,0.6499,0
P.,79,O,0,5,0,1.3908,0
P.,8,C,0,5,0,0.872,0
P.,8,O,0,5,0,0.9237,0
P.,80,C,0,4,0,0.9748,0
P.,80,O,0,4,0,1.4184,0
P.,9,C,0,3,0,0.7905,0
P.,9,O,0,3,0,0.4599,0
P.,99,C,0,3,0,3.1787,0
P.,99,O,0,3,0,1.0425,0
PH,1,C,0,3,0,1.0567,0
PH,1,O,0,3,0.6666666667,0.7722,1
PH,10,C,0,4,0.75,1.9052,1
PH,152,C,0,4,30,1.9023,1
PH,152,O,0,2,0.5,0.9748,1
PH,16,C,0,3,0,0.2016,0
PH,16,O,0,3,0,0.6402,0
PH,17,C,0,5,0,0.4534,0
PH,17,O,0,5,0.2,0.7884,1
PH,18,C,0,5,0.8,1.041,1
PH,18,O,0,5,0.6,2.2818,1
PH,19,O,0,4,1,0.8086,1
PH,20,C,0,2,0,0.6252,0
PH,20,O,0,3,0,11.377,0
PH,21,C,0,4,0.25,1.8954,1
PH,21,O,0,4,2.5,1.4541,1
PH,27,C,0,5,1.2,1.6112,1
PH,27,O,0,5,0.4,0.3798,1
PH,30,C,0,3,0,1.5888,0
PH,30,O,0,3,0,1.1422,0
PH,32,C,0,5,0.2,0.827,1
PH,32,O,0,4,0.25,1.0007,1
PH,36,C,0,4,0.5,0.8182,1
PH,36,O,0,4,0.75,0.7828,1
PH,37,O,0,5,0.2,1.2915,1
PH,38,C,0,4,0.5,1.253,1
PH,38,O,0,5,1.6,0.8475,1
PH,39,C,0,3,0.3333333333,1.1304,1
PH,39,O,0,3,0.6666666667,1.0848,1
PH,4,C,0,5,6.8,1.1555,1
PH,41,C,0,4,0.5,0.8226,1
PH,41,O,0,4,0,0.4468,0
PH,43,C,0,3,8,2.0517,1
PH,45,C,0,4,0,1.1475,0
PH,45,O,0,5,0.2,1.0027,1
PH,46,C,0,5,1.2,0.1316,1
PH,46,O,0,5,0,0.1842,0
PH,47,C,0,4,0,0.3328,0
PH,47,O,0,4,0,0.3478,0
PH,49,O,0,4,1.25,1.0672,1
PH,5,O,0,5,0,0.6903,0
PH,50,C,0,4,0.5,0.4387,1
PH,50,O,0,5,1,1.1295,1
PH,51,O,0,5,1.6,0.8218,1
PH,52,C,0,4,1,1.0836,1
PH,52,O,0,4,6.75,0.8179,1
PH,53,C,0,5,3.2,1.315,1
PH,53,O,0,5,0,0.5553,0
PH,55,C,0,4,0,0.0643,0
PH,55,O,0,4,0,0.6942,0
PH,56,C,0,2,0,0.3089,0
PH,56,O,0,4,0,0.4251,0
PH,59,C,0,5,0,0.5025,0
PH,59,O,0,4,0,0.3151,0
PH,6,C,0,5,0.8,1.3482,1
PH,60,C,0,5,1.4,1.4753,1
PH,60,O,0,5,1,1.0666,1
PH,61,C,0,3,0.3333333333,1.2371,1
PH,61,O,0,3,1,0.9724,1
PH,62,C,0,3,0,1.4273,0
PH,63,C,0,5,0.4,1.1627,1
PH,64,C,0,4,0,0.6148,0
PH,64,O,0,4,0,1.0128,0
PH,65,C,0,4,0,0.7839,0
PH,65,O,0,4,0,0.9264,0
PH,66,C,0,3,0,0.7237,0
PH,66,O,0,4,0,1.3731,0
PH,67,C,0,5,0.6,0.6601,1
PH,67,O,0,5,0,0.6867,0
PH,68,C,0,4,0,0.2976,0
PH,7,C,0,5,19.8,2.7099,1
PH,7,O,0,5,0,0.4373,0
PH,70,C,0,4,2,0.4683,1
PH,70,O,0,4,0,0.5493,0
PH,71,C,0,4,0,0.2153,0
PH,72,C,0,5,2.2,0.7333,1
PH,72,O,0,4,0,0.7783,0
PH,73,C,0,5,0,0.664,0
PH,73,O,0,5,0,0.306,0
PH,74,C,0,5,0,0.5348,0
PH,74,O,0,5,9.4,0.9849,1
PH,75,C,0,5,0,0.5497,0
PH,75,O,0,5,0.2,0.9576,1
PH,76,C,0,5,0,1.155,0
PH,76,O,0,5,0,1.086,0
PH,77,C,0,4,0,0.8376,0
PH,77,O,0,4,0,0.5637,0
PH,78,C,0,5,0.6,1.1517,1
PH,78,O,0,4,0,0.3025,0
PH,79,C,0,5,0,0.6499,0
PH,79,O,0,5,0,1.3908,0
PH,8,C,0,5,0.4,0.872,1
PH,8,O,0,5,0,0.9237,0
PH,80,C,0,4,0,0.9748,0
PH,80,O,0,4,0,1.4184,0
PH,9,C,0,3,0,0.7905,0
PH,9,O,0,3,0,0.4599,0
PH,99,C,0,3,0,3.1787,0
PH,99,O,0,3,1.6666666667,1.0425,1
PW,1,C,0,3,0,1.0567,0
PW,1,O,0,3,0,0.7722,0
PW,10,C,0,4,0.5,1.9052,1
PW,152,C,0,4,0,1.9023,0
PW,152,O,0,2,1,0.9748,1
PW,16,C,0,3,0,0.2016,0
PW,16,O,0,3,0,0.6402,0
PW,17,C,0,5,0.2,0.4534,1
PW,17,O,0,5,0,0.7884,0
PW,18,C,0,5,0,1.041,0
PW,18,O,0,5,0,2.2818,0
PW,19,O,0,4,0,0.8086,0
PW,20,C,0,2,0,0.6252,0
PW,20,O,0,3,0,11.377,0
PW,21,C,0,4,0,1.8954,0
PW,21,O,0,4,0,1.4541,0
PW,27,C,0,5,5,1.6112,1
PW,27,O,0,5,0,0.3798,0
PW,30,C,0,3,0,1.5888,0
PW,30,O,0,3,0,1.1422,0
PW,32,C,0,5,0,0.827,0
PW,32,O,0,4,0,1.0007,0
PW,36,C,0,4,0.25,0.8182,1
PW,36,O,0,4,0,0.7828,0
PW,37,O,0,5,0.8,1.2915,1
PW,38,C,0,4,0,1.253,0
PW,38,O,0,5,0.2,0.8475,1
PW,39,C,0,3,0,1.1304,0
PW,39,O,0,3,0,1.0848,0
PW,4,C,0,5,0.8,1.1555,1
PW,41,C,0,4,0,0.8226,0
PW,41,O,0,4,0,0.4468,0
PW,43,C,0,3,0,2.0517,0
PW,45,C,0,4,0,1.1475,0
PW,45,O,0,5,0,1.0027,0
PW,46,C,0,5,0,0.1316,0
PW,46,O,0,5,0,0.1842,0
PW,47,C,0,4,0.25,0.3328,1
PW,47,O,0,4,0,0.3478,0
PW,49,O,0,4,0,1.0672,0
PW,5,O,0,5,0,0.6903,0
PW,50,C,0,4,0,0.4387,0
PW,50,O,0,5,0.4,1.1295,1
PW,51,O,0,5,0.4,0.8218,1
PW,52,C,0,4,0,1.0836,0
PW,52,O,0,4,0,0.8179,0
PW,53,C,0,5,0,1.315,0
PW,53,O,0,5,0,0.5553,0
PW,55,C,0,4,0,0.0643,0
PW,55,O,0,4,0,0.6942,0
PW,56,C,0,2,0,0.3089,0
PW,56,O,0,4,0,0.4251,0
PW,59,C,0,5,0,0.5025,0
PW,59,O,0,4,0,0.3151,0
PW,6,C,0,5,0,1.3482,0
PW,60,C,0,5,0,1.4753,0
PW,60,O,0,5,0,1.0666,0
PW,61,C,0,3,0,1.2371,0
PW,61,O,0,3,0,0.9724,0
PW,62,C,0,3,0,1.4273,0
PW,63,C,0,5,0.4,1.1627,1
PW,64,C,0,4,0.25,0.6148,1
PW,64,O,0,4,0,1.0128,0
PW,65,C,0,4,0,0.7839,0
PW,65,O,0,4,0,0.9264,0
PW,66,C,0,3,0,0.7237,0
PW,66,O,0,4,0,1.3731,0
PW,67,C,0,5,0.2,0.6601,1
PW,67,O,0,5,0,0.6867,0
PW,68,C,0,4,0,0.2976,0
PW,7,C,0,5,0.2,2.7099,1
PW,7,O,0,5,0.2,0.4373,1
PW,70,C,0,4,0,0.4683,0
PW,70,O,0,4,0,0.5493,0
PW,71,C,0,4,0,0.2153,0
PW,72,C,0,5,0.2,0.7333,1
PW,72,O,0,4,0,0.7783,0
PW,73,C,0,5,0,0.664,0
PW,73,O,0,5,0,0.306,0
PW,74,C,0,5,0,0.5348,0
PW,74,O,0,5,0,0.9849,0
PW,75,C,0,5,0,0.5497,0
PW,75,O,0,5,0,0.9576,0
PW,76,C,0,5,0.4,1.155,1
PW,76,O,0,5,0,1.086,0
PW,77,C,0,4,0,0.8376,0
PW,77,O,0,4,0,0.5637,0
PW,78,C,0,5,0,1.1517,0
PW,78,O,0,4,0.75,0.3025,1
PW,79,C,0,5,0,0.6499,0
PW,79,O,0,5,0,1.3908,0
PW,8,C,0,5,0,0.872,0
PW,8,O,0,5,0,0.9237,0
PW,80,C,0,4,0,0.9748,0
PW,80,O,0,4,0,1.4184,0
PW,9,C,0,3,0,0.7905,0
PW,9,O,0,3,0,0.4599,0
PW,99,C,0,3,0,3.1787,0
PW,99,O,0,3,0,1.0425,0
R.,1,C,0,3,3.6666666667,1.0567,1
R.,1,O,0,3,5.3333333333,0.7722,1
R.,10,C,0,4,1.5,1.9052,1
R.,152,C,0,4,8,1.9023,1
R.,152,O,0,2,8.5,0.9748,1
R.,16,C,0,3,0,0.2016,0
R.,16,O,0,3,3.6666666667,0.6402,1
R.,17,C,0,5,2.4,0.4534,1
R.,17,O,0,5,3,0.7884,1
R.,18,C,0,5,1.6,1.041,1
R.,18,O,0,5,0.6,2.2818,1
R.,19,O,0,4,2.5,0.8086,1
R.,20,C,0,2,0.5,0.6252,1
R.,20,O,0,3,2.3333333333,11.377,1
R.,21,C,0,4,0.5,1.8954,1
R.,21,O,0,4,3,1.4541,1
R.,27,C,0,5,6.8,1.6112,1
R.,27,O,0,5,3.6,0.3798,1
R.,30,C,0,3,1,1.5888,1
R.,30,O,0,3,1.3333333333,1.1422,1
R.,32,C,0,5,1.8,0.827,1
R.,32,O,0,4,1.25,1.0007,1
R.,36,C,0,4,1.5,0.8182,1
R.,36,O,0,4,1,0.7828,1
R.,37,O,0,5,9,1.2915,1
R.,38,C,0,4,5.75,1.253,1
R.,38,O,0,5,4.2,0.8475,1
R.,39,C,0,3,1.3333333333,1.1304,1
R.,39,O,0,3,1,1.0848,1
R.,4,C,0,5,7.8,1.1555,1
R.,41,C,0,4,0.75,0.8226,1
R.,41,O,0,4,0.25,0.4468,1
R.,43,C,0,3,0.6666666667,2.0517,1
R.,45,C,0,4,0.75,1.1475,1
R.,45,O,0,5,12.4,1.0027,1
R.,46,C,0,5,0.8,0.1316,1
R.,46,O,0,5,0.4,0.1842,1
R.,47,C,0,4,2.75,0.3328,1
R.,47,O,0,4,6.75,0.3478,1
R.,49,O,0,4,4.25,1.0672,1
R.,5,O,0,5,7.4,0.6903,1
R.,50,C,0,4,3.5,0.4387,1
R.,50,O,0,5,11.8,1.1295,1
R.,51,O,0,5,2.2,0.8218,1
R.,52,C,0,4,2.5,1.0836,1
R.,52,O,0,4,3.75,0.8179,1
R.,53,C,0,5,3.8,1.315,1
R.,53,O,0,5,4,0.5553,1
R.,55,C,0,4,0.5,0.0643,1
R.,55,O,0,4,0,0.6942,0
R.,56,C,0,2,0.5,0.3089,1
R.,56,O,0,4,3.5,0.4251,1
R.,59,C,0,5,0.2,0.5025,1
R.,59,O,0,4,0.5,0.3151,1
R.,6,C,0,5,3.6,1.3482,1
R.,60,C,0,5,7.4,1.4753,1
R.,60,O,0,5,5.2,1.0666,1
R.,61,C,0,3,4,1.2371,1
R.,61,O,0,3,2.3333333333,0.9724,1
R.,62,C,0,3,2.3333333333,1.4273,1
R.,63,C,0,5,3,1.1627,1
R.,64,C,0,4,1.75,0.6148,1
R.,64,O,0,4,6,1.0128,1
R.,65,C,0,4,1.25,0.7839,1
R.,65,O,0,4,1.75,0.9264,1
R.,66,C,0,3,1.3333333333,0.7237,1
R.,66,O,0,4,2.75,1.3731,1
R.,67,C,0,5,0,0.6601,0
R.,67,O,0,5,2,0.6867,1
R.,68,C,0,4,0,0.2976,0
R.,7,C,0,5,2.8,2.7099,1
R.,7,O,0,5,0.4,0.4373,1
R.,70,C,0,4,0.75,0.4683,1
R.,70,O,0,4,2.75,0.5493,1
R.,71,C,0,4,0,0.2153,0
R.,72,C,0,5,3,0.7333,1
R.,72,O,0,4,0,0.7783,0
R.,73,C,0,5,0.6,0.664,1
R.,73,O,0,5,0,0.306,0
R.,74,C,0,5,1.6,0.5348,1
R.,74,O,0,5,3.6,0.9849,1
R.,75,C,0,5,0.8,0.5497,1
R.,75,O,0,5,2,0.9576,1
R.,76,C,0,5,3.2,1.155,1
R.,76,O,0,5,1.8,1.086,1
R.,77,C,0,4,2,0.8376,1
R.,77,O,0,4,2,0.5637,1
R.,78,C,0,5,3,1.1517,1
R.,78,O,0,4,1.5,0.3025,1
R.,79,C,0,5,1.2,0.6499,1
R.,79,O,0,5,2,1.3908,1
R.,8,C,0,5,0.8,0.872,1
R.,8,O,0,5,2.6,0.9237,1
R.,80,C,0,4,3.75,0.9748,1
R.,80,O,0,4,1.75,1.4184,1
R.,9,C,0,3,1.3333333333,0.7905,1
R.,9,O,0,3,0.6666666667,0.4599,1
R.,99,C,0,3,2,3.1787,1
R.,99,O,0,3,1,1.0425,1
RB,1,C,0,3,0.6666666667,1.0567,1
RB,1,O,0,3,0,0.7722,0
RB,10,C,0,4,0,1.9052,0
RB,152,C,0,4,0,1.9023,0
RB,152,O,0,2,0,0.9748,0
RB,16,C,0,3,0,0.2016,0
RB,16,O,0,3,20.666666667,0.6402,1
RB,17,C,0,5,0,0.4534,0
RB,17,O,0,5,0.4,0.7884,1
RB,18,C,0,5,1.4,1.041,1
RB,18,O,0,5,3.2,2.2818,1
RB,19,O,0,4,0,0.8086,0
RB,20,C,0,2,0,0.6252,0
RB,20,O,0,3,0,11.377,0
RB,21,C,0,4,1.75,1.8954,1
RB,21,O,0,4,0,1.4541,0
RB,27,C,0,5,0,1.6112,0
RB,27,O,0,5,0,0.3798,0
RB,30,C,0,3,0,1.5888,0
RB,30,O,0,3,0,1.1422,0
RB,32,C,0,5,0,0.827,0
RB,32,O,0,4,0,1.0007,0
RB,36,C,0,4,0,0.8182,0
RB,36,O,0,4,0,0.7828,0
RB,37,O,0,5,0,1.2915,0
RB,38,C,0,4,0,1.253,0
RB,38,O,0,5,0,0.8475,0
RB,39,C,0,3,0,1.1304,0
RB,39,O,0,3,0,1.0848,0
RB,4,C,0,5,0,1.1555,0
RB,41,C,0,4,0,0.8226,0
RB,41,O,0,4,0,0.4468,0
RB,43,C,0,3,0,2.0517,0
RB,45,C,0,4,0,1.1475,0
RB,45,O,0,5,0,1.0027,0
RB,46,C,0,5,0,0.1316,0
RB,46,O,0,5,0,0.1842,0
RB,47,C,0,4,0,0.3328,0
RB,47,O,0,4,0,0.3478,0
RB,49,O,0,4,0,1.0672,0
RB,5,O,0,5,0.2,0.6903,1
RB,50,C,0,4,0,0.4387,0
RB,50,O,0,5,0.2,1.1295,1
RB,51,O,0,5,0,0.8218,0
RB,52,C,0,4,0,1.0836,0
RB,52,O,0,4,1.25,0.8179,1
RB,53,C,0,5,0,1.315,0
RB,53,O,0,5,0,0.5553,0
RB,55,C,0,4,0,0.0643,0
RB,55,O,0,4,0,0.6942,0
RB,56,C,0,2,0,0.3089,0
RB,56,O,0,4,2,0.4251,1
RB,59,C,0,5,0,0.5025,0
RB,59,O,0,4,0,0.3151,0
RB,6,C,0,5,1.2,1.3482,1
RB,60,C,0,5,0,1.4753,0
RB,60,O,0,5,0,1.0666,0
RB,61,C,0,3,0,1.2371,0
RB,61,O,0,3,0,0.9724,0
RB,62,C,0,3,0,1.4273,0
RB,63,C,0,5,0,1.1627,0
RB,64,C,0,4,0,0.6148,0
RB,64,O,0,4,0,1.0128,0
RB,65,C,0,4,0,0.7839,0
RB,65,O,0,4,0,0.9264,0
RB,66,C,0,3,0,0.7237,0
RB,66,O,0,4,0,1.3731,0
RB,67,C,0,5,0,0.6601,0
RB,67,O,0,5,0,0.6867,0
RB,68,C,0,4,0,0.2976,0
RB,7,C,0,5,0.2,2.7099,1
RB,7,O,0,5,0,0.4373,0
RB,70,C,0,4,0,0.4683,0
RB,70,O,0,4,0,0.5493,0
RB,71,C,0,4,0,0.2153,0
RB,72,C,0,5,0.2,0.7333,1
RB,72,O,0,4,0,0.7783,0
RB,73,C,0,5,0,0.664,0
RB,73,O,0,5,0,0.306,0
RB,74,C,0,5,0,0.5348,0
RB,74,O,0,5,0,0.9849,0
RB,75,C,0,5,0,0.5497,0
RB,75,O,0,5,0,0.9576,0
RB,76,C,0,5,0,1.155,0
RB,76,O,0,5,0,1.086,0
RB,77,C,0,4,0,0.8376,0
RB,77,O,0,4,0,0.5637,0
RB,78,C,0,5,0.2,1.1517,1
RB,78,O,0,4,0,0.3025,0
RB,79,C,0,5,0,0.6499,0
RB,79,O,0,5,1.6,1.3908,1
RB,8,C,0,5,0,0.872,0
RB,8,O,0,5,0,0.9237,0
RB,80,C,0,4,0,0.9748,0
RB,80,O,0,4,0,1.4184,0
RB,9,C,0,3,0.3333333333,0.7905,1
RB,9,O,0,3,0,0.4599,0
RB,99,C,0,3,0,3.1787,0
RB,99,O,0,3,0,1.0425,0
RE,1,C,0,3,0,1.0567,0
RE,1,O,0,3,13.666666667,0.7722,1
RE,10,C,0,4,1,1.9052,1
RE,152,C,0,4,2,1.9023,1
RE,152,O,0,2,22,0.9748,1
RE,16,C,0,3,0,0.2016,0
RE,16,O,0,3,0,0.6402,0
RE,17,C,0,5,0,0.4534,0
RE,17,O,0,5,0,0.7884,0
RE,18,C,0,5,0,1.041,0
RE,18,O,0,5,0,2.2818,0
RE,19,O,0,4,0,0.8086,0
RE,20,C,0,2,0,0.6252,0
RE,20,O,0,3,0,11.377,0
RE,21,C,0,4,2,1.8954,1
RE,21,O,0,4,1.25,1.4541,1
RE,27,C,0,5,0.4,1.6112,1
RE,27,O,0,5,0,0.3798,0
RE,30,C,0,3,0,1.5888,0
RE,30,O,0,3,8,1.1422,1
RE,32,C,0,5,0,0.827,0
RE,32,O,0,4,0.75,1.0007,1
RE,36,C,0,4,0.75,0.8182,1
RE,36,O,0,4,0,0.7828,0
RE,37,O,0,5,0,1.2915,0
RE,38,C,0,4,0,1.253,0
RE,38,O,0,5,3,0.8475,1
RE,39,C,0,3,3.3333333333,1.1304,1
RE,39,O,0,3,0,1.0848,0
RE,4,C,0,5,4.6,1.1555,1
RE,41,C,0,4,0,0.8226,0
RE,41,O,0,4,0,0.4468,0
RE,43,C,0,3,0.6666666667,2.0517,1
RE,45,C,0,4,0,1.1475,0
RE,45,O,0,5,1.2,1.0027,1
RE,46,C,0,5,0,0.1316,0
RE,46,O,0,5,1.4,0.1842,1
RE,47,C,0,4,0.25,0.3328,1
RE,47,O,0,4,1.5,0.3478,1
RE,49,O,0,4,1.25,1.0672,1
RE,5,O,0,5,0,0.6903,0
RE,50,C,0,4,9.75,0.4387,1
RE,50,O,0,5,3.2,1.1295,1
RE,51,O,0,5,0,0.8218,0
RE,52,C,0,4,0,1.0836,0
RE,52,O,0,4,0.25,0.8179,1
RE,53,C,0,5,0,1.315,0
RE,53,O,0,5,26.4,0.5553,1
RE,55,C,0,4,0,0.0643,0
RE,55,O,0,4,0,0.6942,0
RE,56,C,0,2,0,0.3089,0
RE,56,O,0,4,0.5,0.4251,1
RE,59,C,0,5,0,0.5025,0
RE,59,O,0,4,0,0.3151,0
RE,6,C,0,5,0.2,1.3482,1
RE,60,C,0,5,11,1.4753,1
RE,60,O,0,5,6.2,1.0666,1
RE,61,C,0,3,4,1.2371,1
RE,61,O,0,3,7,0.9724,1
RE,62,C,0,3,0,1.4273,0
RE,63,C,0,5,0.4,1.1627,1
RE,64,C,0,4,0,0.6148,0
RE,64,O,0,4,6,1.0128,1
RE,65,C,0,4,3.75,0.7839,1
RE,65,O,0,4,11.25,0.9264,1
RE,66,C,0,3,0,0.7237,0
RE,66,O,0,4,3,1.3731,1
RE,67,C,0,5,0,0.6601,0
RE,67,O,0,5,1,0.6867,1
RE,68,C,0,4,0,0.2976,0
RE,7,C,0,5,0,2.7099,0
RE,7,O,0,5,3,0.4373,1
RE,70,C,0,4,0,0.4683,0
RE,70,O,0,4,0.25,0.5493,1
RE,71,C,0,4,0,0.2153,0
RE,72,C,0,5,20.6,0.7333,1
RE,72,O,0,4,0,0.7783,0
RE,73,C,0,5,0,0.664,0
RE,73,O,0,5,0,0.306,0
RE,74,C,0,5,0,0.5348,0
RE,74,O,0,5,0.8,0.9849,1
RE,75,C,0,5,0,0.5497,0
RE,75,O,0,5,0.2,0.9576,1
RE,76,C,0,5,1.2,1.155,1
RE,76,O,0,5,0.4,1.086,1
RE,77,C,0,4,1.5,0.8376,1
RE,77,O,0,4,0.5,0.5637,1
RE,78,C,0,5,1.2,1.1517,1
RE,78,O,0,4,0,0.3025,0
RE,79,C,0,5,0,0.6499,0
RE,79,O,0,5,0,1.3908,0
RE,8,C,0,5,0.4,0.872,1
RE,8,O,0,5,1.4,0.9237,1
RE,80,C,0,4,0,0.9748,0
RE,80,O,0,4,0,1.4184,0
RE,9,C,0,3,0,0.7905,0
RE,9,O,0,3,0.3333333333,0.4599,1
RE,99,C,0,3,0,3.1787,0
RE,99,O,0,3,0,1.0425,0
RL,1,C,0,3,0,1.0567,0
RL,1,O,0,3,0,0.7722,0
RL,10,C,0,4,32.5,1.9052,1
RL,152,C,0,4,0.75,1.9023,1
RL,152,O,0,2,0,0.9748,0
RL,16,C,0,3,0,0.2016,0
RL,16,O,0,3,0,0.6402,0
RL,17,C,0,5,0,0.4534,0
RL,17,O,0,5,0,0.7884,0
RL,18,C,0,5,0,1.041,0
RL,18,O,0,5,0,2.2818,0
RL,19,O,0,4,0,0.8086,0
RL,20,C,0,2,0,0.6252,0
RL,20,O,0,3,0,11.377,0
RL,21,C,0,4,10,1.8954,1
RL,21,O,0,4,0,1.4541,0
RL,27,C,0,5,0,1.6112,0
RL,27,O,0,5,0,0.3798,0
RL,30,C,0,3,0,1.5888,0
RL,30,O,0,3,0,1.1422,0
RL,32,C,0,5,0,0.827,0
RL,32,O,0,4,0,1.0007,0
RL,36,C,0,4,0,0.8182,0
RL,36,O,0,4,0,0.7828,0
RL,37,O,0,5,0,1.2915,0
RL,38,C,0,4,0.25,1.253,1
RL,38,O,0,5,0,0.8475,0
RL,39,C,0,3,0,1.1304,0
RL,39,O,0,3,0,1.0848,0
RL,4,C,0,5,0.6,1.1555,1
RL,41,C,0,4,0,0.8226,0
RL,41,O,0,4,0,0.4468,0
RL,43,C,0,3,0.3333333333,2.0517,1
RL,45,C,0,4,0,1.1475,0
RL,45,O,0,5,0,1.0027,0
RL,46,C,0,5,0,0.1316,0
RL,46,O,0,5,0,0.1842,0
RL,47,C,0,4,0,0.3328,0
RL,47,O,0,4,0,0.3478,0
RL,49,O,0,4,0,1.0672,0
RL,5,O,0,5,0,0.6903,0
RL,50,C,0,4,0,0.4387,0
RL,50,O,0,5,0.4,1.1295,1
RL,51,O,0,5,0,0.8218,0
RL,52,C,0,4,0,1.0836,0
RL,52,O,0,4,0,0.8179,0
RL,53,C,0,5,1.2,1.315,1
RL,53,O,0,5,0,0.5553,0
RL,55,C,0,4,0,0.0643,0
RL,55,O,0,4,0,0.6942,0
RL,56,C,0,2,0,0.3089,0
RL,56,O,0,4,0.5,0.4251,1
RL,59,C,0,5,0,0.5025,0
RL,59,O,0,4,0,0.3151,0
RL,6,C,0,5,0.2,1.3482,1
RL,60,C,0,5,0,1.4753,0
RL,60,O,0,5,0,1.0666,0
RL,61,C,0,3,0,1.2371,0
RL,61,O,0,3,0,0.9724,0
RL,62,C,0,3,0,1.4273,0
RL,63,C,0,5,0,1.1627,0
RL,64,C,0,4,0,0.6148,0
RL,64,O,0,4,0,1.0128,0
RL,65,C,0,4,0,0.7839,0
RL,65,O,0,4,0,0.9264,0
RL,66,C,0,3,0,0.7237,0
RL,66,O,0,4,0,1.3731,0
RL,67,C,0,5,0,0.6601,0
RL,67,O,0,5,0,0.6867,0
RL,68,C,0,4,0,0.2976,0
RL,7,C,0,5,32.4,2.7099,1
RL,7,O,0,5,1.2,0.4373,1
RL,70,C,0,4,0,0.4683,0
RL,70,O,0,4,0,0.5493,0
RL,71,C,0,4,0,0.2153,0
RL,72,C,0,5,0,0.7333,0
RL,72,O,0,4,0,0.7783,0
RL,73,C,0,5,0,0.664,0
RL,73,O,0,5,0,0.306,0
RL,74,C,0,5,0,0.5348,0
RL,74,O,0,5,0.1,0.9849,1
RL,75,C,0,5,0,0.5497,0
RL,75,O,0,5,0,0.9576,0
RL,76,C,0,5,0,1.155,0
RL,76,O,0,5,0,1.086,0
RL,77,C,0,4,0,0.8376,0
RL,77,O,0,4,0,0.5637,0
RL,78,C,0,5,0,1.1517,0
RL,78,O,0,4,0,0.3025,0
RL,79,C,0,5,0,0.6499,0
RL,79,O,0,5,0,1.3908,0
RL,8,C,0,5,0,0.872,0
RL,8,O,0,5,0,0.9237,0
RL,80,C,0,4,0,0.9748,0
RL,80,O,0,4,0,1.4184,0
RL,9,C,0,3,0,0.7905,0
RL,9,O,0,3,0,0.4599,0
RL,99,C,0,3,0,3.1787,0
RL,99,O,0,3,0,1.0425,0
RO,1,C,0,3,0,1.0567,0
RO,1,O,0,3,0,0.7722,0
RO,10,C,0,4,42.5,1.9052,1
RO,152,C,0,4,0,1.9023,0
RO,152,O,0,2,0,0.9748,0
RO,16,C,0,3,0,0.2016,0
RO,16,O,0,3,0,0.6402,0
RO,17,C,0,5,0,0.4534,0
RO,17,O,0,5,0,0.7884,0
RO,18,C,0,5,0,1.041,0
RO,18,O,0,5,0,2.2818,0
RO,19,O,0,4,0.25,0.8086,1
RO,20,C,0,2,0,0.6252,0
RO,20,O,0,3,0,11.377,0
RO,21,C,0,4,6.75,1.8954,1
RO,21,O,0,4,20.25,1.4541,1
RO,27,C,0,5,0,1.6112,0
RO,27,O,0,5,0,0.3798,0
RO,30,C,0,3,0,1.5888,0
RO,30,O,0,3,0,1.1422,0
RO,32,C,0,5,0,0.827,0
RO,32,O,0,4,16.25,1.0007,1
RO,36,C,0,4,0,0.8182,0
RO,36,O,0,4,0,0.7828,0
RO,37,O,0,5,22.8,1.2915,1
RO,38,C,0,4,0,1.253,0
RO,38,O,0,5,0,0.8475,0
RO,39,C,0,3,0,1.1304,0
RO,39,O,0,3,0,1.0848,0
RO,4,C,0,5,0.8,1.1555,1
RO,41,C,0,4,0,0.8226,0
RO,41,O,0,4,0,0.4468,0
RO,43,C,0,3,0,2.0517,0
RO,45,C,0,4,0,1.1475,0
RO,45,O,0,5,6,1.0027,1
RO,46,C,0,5,0,0.1316,0
RO,46,O,0,5,0,0.1842,0
RO,47,C,0,4,0,0.3328,0
RO,47,O,0,4,0,0.3478,0
RO,49,O,0,4,0,1.0672,0
RO,5,O,0,5,0,0.6903,0
RO,50,C,0,4,5.75,0.4387,1
RO,50,O,0,5,0,1.1295,0
RO,51,O,0,5,0,0.8218,0
RO,52,C,0,4,0,1.0836,0
RO,52,O,0,4,0,0.8179,0
RO,53,C,0,5,0,1.315,0
RO,53,O,0,5,0,0.5553,0
RO,55,C,0,4,0,0.0643,0
RO,55,O,0,4,0,0.6942,0
RO,56,C,0,2,0,0.3089,0
RO,56,O,0,4,1.75,0.4251,1
RO,59,C,0,5,0,0.5025,0
RO,59,O,0,4,0.25,0.3151,1
RO,6,C,0,5,2,1.3482,1
RO,60,C,0,5,2.8,1.4753,1
RO,60,O,0,5,0.4,1.0666,1
RO,61,C,0,3,1.3333333333,1.2371,1
RO,61,O,0,3,0,0.9724,0
RO,62,C,0,3,1.3333333333,1.4273,1
RO,63,C,0,5,4.6,1.1627,1
RO,64,C,0,4,0,0.6148,0
RO,64,O,0,4,0,1.0128,0
RO,65,C,0,4,0,0.7839,0
RO,65,O,0,4,0,0.9264,0
RO,66,C,0,3,0,0.7237,0
RO,66,O,0,4,0,1.3731,0
RO,67,C,0,5,0,0.6601,0
RO,67,O,0,5,0,0.6867,0
RO,68,C,0,4,0,0.2976,0
RO,7,C,0,5,30,2.7099,1
RO,7,O,0,5,0,0.4373,0
RO,70,C,0,4,0,0.4683,0
RO,70,O,0,4,0,0.5493,0
RO,71,C,0,4,0,0.2153,0
RO,72,C,0,5,0,0.7333,0
RO,72,O,0,4,0,0.7783,0
RO,73,C,0,5,0,0.664,0
RO,73,O,0,5,0,0.306,0
RO,74,C,0,5,0,0.5348,0
RO,74,O,0,5,0,0.9849,0
RO,75,C,0,5,0,0.5497,0
RO,75,O,0,5,0.4,0.9576,1
RO,76,C,0,5,0,1.155,0
RO,76,O,0,5,0,1.086,0
RO,77,C,0,4,0,0.8376,0
RO,77,O,0,4,0,0.5637,0
RO,78,C,0,5,0,1.1517,0
RO,78,O,0,4,0,0.3025,0
RO,79,C,0,5,0,0.6499,0
RO,79,O,0,5,0,1.3908,0
RO,8,C,0,5,0,0.872,0
RO,8,O,0,5,0,0.9237,0
RO,80,C,0,4,0,0.9748,0
RO,80,O,0,4,15.5,1.4184,1
RO,9,C,0,3,0,0.7905,0
RO,9,O,0,3,0,0.4599,0
RO,99,C,0,3,5,3.1787,1
RO,99,O,0,3,0,1.0425,0
S.,1,C,0,3,0,1.0567,0
S.,1,O,0,3,0,0.7722,0
S.,10,C,0,4,0.25,1.9052,1
S.,152,C,0,4,0,1.9023,0
S.,152,O,0,2,0,0.9748,0
S.,16,C,0,3,0,0.2016,0
S.,16,O,0,3,0,0.6402,0
S.,17,C,0,5,0,0.4534,0
S.,17,O,0,5,0,0.7884,0
S.,18,C,0,5,0,1.041,0
S.,18,O,0,5,0,2.2818,0
S.,19,O,0,4,0,0.8086,0
S.,20,C,0,2,0,0.6252,0
S.,20,O,0,3,0,11.377,0
S.,21,C,0,4,0,1.8954,0
S.,21,O,0,4,0,1.4541,0
S.,27,C,0,5,0,1.6112,0
S.,27,O,0,5,0,0.3798,0
S.,30,C,0,3,0,1.5888,0
S.,30,O,0,3,0,1.1422,0
S.,32,C,0,5,0,0.827,0
S.,32,O,0,4,0.5,1.0007,1
S.,36,C,0,4,0,0.8182,0
S.,36,O,0,4,0,0.7828,0
S.,37,O,0,5,0,1.2915,0
S.,38,C,0,4,0,1.253,0
S.,38,O,0,5,0,0.8475,0
S.,39,C,0,3,0,1.1304,0
S.,39,O,0,3,0,1.0848,0
S.,4,C,0,5,0,1.1555,0
S.,41,C,0,4,0,0.8226,0
S.,41,O,0,4,0,0.4468,0
S.,43,C,0,3,0,2.0517,0
S.,45,C,0,4,0,1.1475,0
S.,45,O,0,5,0,1.0027,0
S.,46,C,0,5,0,0.1316,0
S.,46,O,0,5,0,0.1842,0
S.,47,C,0,4,0,0.3328,0
S.,47,O,0,4,0,0.3478,0
S.,49,O,0,4,0,1.0672,0
S.,5,O,0,5,0,0.6903,0
S.,50,C,0,4,0,0.4387,0
S.,50,O,0,5,0,1.1295,0
S.,51,O,0,5,0,0.8218,0
S.,52,C,0,4,0,1.0836,0
S.,52,O,0,4,0,0.8179,0
S.,53,C,0,5,0,1.315,0
S.,53,O,0,5,0,0.5553,0
S.,55,C,0,4,0,0.0643,0
S.,55,O,0,4,0,0.6942,0
S.,56,C,0,2,0,0.3089,0
S.,56,O,0,4,0,0.4251,0
S.,59,C,0,5,0,0.5025,0
S.,59,O,0,4,0.25,0.3151,1
S.,6,C,0,5,0,1.3482,0
S.,60,C,0,5,0,1.4753,0
S.,60,O,0,5,0,1.0666,0
S.,61,C,0,3,0,1.2371,0
S.,61,O,0,3,0,0.9724,0
S.,62,C,0,3,0,1.4273,0
S.,63,C,0,5,0,1.1627,0
S.,64,C,0,4,0,0.6148,0
S.,64,O,0,4,0,1.0128,0
S.,65,C,0,4,0,0.7839,0
S.,65,O,0,4,0,0.9264,0
S.,66,C,0,3,0,0.7237,0
S.,66,O,0,4,0,1.3731,0
S.,67,C,0,5,0,0.6601,0
S.,67,O,0,5,0,0.6867,0
S.,68,C,0,4,0,0.2976,0
S.,7,C,0,5,0,2.7099,0
S.,7,O,0,5,0,0.4373,0
S.,70,C,0,4,0,0.4683,0
S.,70,O,0,4,0,0.5493,0
S.,71,C,0,4,0,0.2153,0
S.,72,C,0,5,0,0.7333,0
S.,72,O,0,4,0,0.7783,0
S.,73,C,0,5,0,0.664,0
S.,73,O,0,5,0,0.306,0
S.,74,C,0,5,0,0.5348,0
S.,74,O,0,5,0,0.9849,0
S.,75,C,0,5,0,0.5497,0
S.,75,O,0,5,0,0.9576,0
S.,76,C,0,5,0,1.155,0
S.,76,O,0,5,0,1.086,0
S.,77,C,0,4,0,0.8376,0
S.,77,O,0,4,0,0.5637,0
S.,78,C,0,5,0,1.1517,0
S.,78,O,0,4,0,0.3025,0
S.,79,C,0,5,0,0.6499,0
S.,79,O,0,5,0,1.3908,0
S.,8,C,0,5,0,0.872,0
S.,8,O,0,5,0,0.9237,0
S.,80,C,0,4,0,0.9748,0
S.,80,O,0,4,0,1.4184,0
S.,9,C,0,3,0.3333333333,0.7905,1
S.,9,O,0,3,0,0.4599,0
S.,99,C,0,3,0,3.1787,0
S.,99,O,0,3,0,1.0425,0
SD,1,C,0,3,0,1.0567,0
SD,1,O,0,3,0,0.7722,0
SD,10,C,0,4,0,1.9052,0
SD,152,C,0,4,0,1.9023,0
SD,152,O,0,2,0,0.9748,0
SD,16,C,0,3,0,0.2016,0
SD,16,O,0,3,0,0.6402,0
SD,17,C,0,5,0,0.4534,0
SD,17,O,0,5,0,0.7884,0
SD,18,C,0,5,0,1.041,0
SD,18,O,0,5,0,2.2818,0
SD,19,O,0,4,0,0.8086,0
SD,20,C,0,2,0,0.6252,0
SD,20,O,0,3,0.6666666667,11.377,1
SD,21,C,0,4,0.5,1.8954,1
SD,21,O,0,4,0,1.4541,0
SD,27,C,0,5,0,1.6112,0
SD,27,O,0,5,0,0.3798,0
SD,30,C,0,3,0,1.5888,0
SD,30,O,0,3,0,1.1422,0
SD,32,C,0,5,0,0.827,0
SD,32,O,0,4,0,1.0007,0
SD,36,C,0,4,0,0.8182,0
SD,36,O,0,4,0,0.7828,0
SD,37,O,0,5,0.4,1.2915,1
SD,38,C,0,4,0,1.253,0
SD,38,O,0,5,0,0.8475,0
SD,39,C,0,3,0.3333333333,1.1304,1
SD,39,O,0,3,0.3333333333,1.0848,1
SD,4,C,0,5,0.4,1.1555,1
SD,41,C,0,4,0,0.8226,0
SD,41,O,0,4,0.5,0.4468,1
SD,43,C,0,3,0,2.0517,0
SD,45,C,0,4,0,1.1475,0
SD,45,O,0,5,0,1.0027,0
SD,46,C,0,5,0,0.1316,0
SD,46,O,0,5,0,0.1842,0
SD,47,C,0,4,0,0.3328,0
SD,47,O,0,4,0,0.3478,0
SD,49,O,0,4,0,1.0672,0
SD,5,O,0,5,0,0.6903,0
SD,50,C,0,4,0.5,0.4387,1
SD,50,O,0,5,0.2,1.1295,1
SD,51,O,0,5,0.2,0.8218,1
SD,52,C,0,4,0,1.0836,0
SD,52,O,0,4,0.75,0.8179,1
SD,53,C,0,5,0,1.315,0
SD,53,O,0,5,0,0.5553,0
SD,55,C,0,4,0,0.0643,0
SD,55,O,0,4,0,0.6942,0
SD,56,C,0,2,0,0.3089,0
SD,56,O,0,4,0,0.4251,0
SD,59,C,0,5,0,0.5025,0
SD,59,O,0,4,0,0.3151,0
SD,6,C,0,5,0,1.3482,0
SD,60,C,0,5,0.2,1.4753,1
SD,60,O,0,5,0,1.0666,0
SD,61,C,0,3,0,1.2371,0
SD,61,O,0,3,0.6666666667,0.9724,1
SD,62,C,0,3,0,1.4273,0
SD,63,C,0,5,0,1.1627,0
SD,64,C,0,4,0,0.6148,0
SD,64,O,0,4,1.5,1.0128,1
SD,65,C,0,4,0,0.7839,0
SD,65,O,0,4,0,0.9264,0
SD,66,C,0,3,0,0.7237,0
SD,66,O,0,4,0,1.3731,0
SD,67,C,0,5,0,0.6601,0
SD,67,O,0,5,0,0.6867,0
SD,68,C,0,4,0,0.2976,0
SD,7,C,0,5,0,2.7099,0
SD,7,O,0,5,0,0.4373,0
SD,70,C,0,4,0,0.4683,0
SD,70,O,0,4,1.25,0.5493,1
SD,71,C,0,4,0,0.2153,0
SD,72,C,0,5,0,0.7333,0
SD,72,O,0,4,0,0.7783,0
SD,73,C,0,5,0,0.664,0
SD,73,O,0,5,0,0.306,0
SD,74,C,0,5,0,0.5348,0
SD,74,O,0,5,0,0.9849,0
SD,75,C,0,5,0,0.5497,0
SD,75,O,0,5,0,0.9576,0
SD,76,C,0,5,0,1.155,0
SD,76,O,0,5,0,1.086,0
SD,77,C,0,4,0,0.8376,0
SD,77,O,0,4,0,0.5637,0
SD,78,C,0,5,0,1.1517,0
SD,78,O,0,4,0,0.3025,0
SD,79,C,0,5,0,0.6499,0
SD,79,O,0,5,0,1.3908,0
SD,8,C,0,5,0.6,0.872,1
SD,8,O,0,5,0,0.9237,0
SD,80,C,0,4,0,0.9748,0
SD,80,O,0,4,0,1.4184,0
SD,9,C,0,3,0,0.7905,0
SD,9,O,0,3,0,0.4599,0
SD,99,C,0,3,0,3.1787,0
SD,99,O,0,3,0,1.0425,0
SG,1,C,0,3,0,1.0567,0
SG,1,O,0,3,0,0.7722,0
SG,10,C,0,4,0.25,1.9052,1
SG,152,C,0,4,0,1.9023,0
SG,152,O,0,2,10,0.9748,1
SG,16,C,0,3,0,0.2016,0
SG,16,O,0,3,0.3333333333,0.6402,1
SG,17,C,0,5,0,0.4534,0
SG,17,O,0,5,0,0.7884,0
SG,18,C,0,5,7,1.041,1
SG,18,O,0,5,0,2.2818,0
SG,19,O,0,4,7.5,0.8086,1
SG,20,C,0,2,0,0.6252,0
SG,20,O,0,3,0,11.377,0
SG,21,C,0,4,0,1.8954,0
SG,21,O,0,4,0.25,1.4541,1
SG,27,C,0,5,0.8,1.6112,1
SG,27,O,0,5,11.2,0.3798,1
SG,30,C,0,3,0,1.5888,0
SG,30,O,0,3,10,1.1422,1
SG,32,C,0,5,0,0.827,0
SG,32,O,0,4,0,1.0007,0
SG,36,C,0,4,0,0.8182,0
SG,36,O,0,4,0.25,0.7828,1
SG,37,O,0,5,20,1.2915,1
SG,38,C,0,4,0.25,1.253,1
SG,38,O,0,5,2.8,0.8475,1
SG,39,C,0,3,3.3333333333,1.1304,1
SG,39,O,0,3,0,1.0848,0
SG,4,C,0,5,0,1.1555,0
SG,41,C,0,4,0,0.8226,0
SG,41,O,0,4,0,0.4468,0
SG,43,C,0,3,0,2.0517,0
SG,45,C,0,4,0,1.1475,0
SG,45,O,0,5,98,1.0027,1
SG,46,C,0,5,0,0.1316,0
SG,46,O,0,5,0,0.1842,0
SG,47,C,0,4,0,0.3328,0
SG,47,O,0,4,0,0.3478,0
SG,49,O,0,4,0.25,1.0672,1
SG,5,O,0,5,3.6,0.6903,1
SG,50,C,0,4,3.5,0.4387,1
SG,50,O,0,5,4.2,1.1295,1
SG,51,O,0,5,2.4,0.8218,1
SG,52,C,0,4,0,1.0836,0
SG,52,O,0,4,4.75,0.8179,1
SG,53,C,0,5,0.2,1.315,1
SG,53,O,0,5,4,0.5553,1
SG,55,C,0,4,0,0.0643,0
SG,55,O,0,4,0,0.6942,0
SG,56,C,0,2,0,0.3089,0
SG,56,O,0,4,0,0.4251,0
SG,59,C,0,5,0,0.5025,0
SG,59,O,0,4,7.5,0.3151,1
SG,6,C,0,5,0.4,1.3482,1
SG,60,C,0,5,31.8,1.4753,1
SG,60,O,0,5,25,1.0666,1
SG,61,C,0,3,5,1.2371,1
SG,61,O,0,3,0,0.9724,0
SG,62,C,0,3,5,1.4273,1
SG,63,C,0,5,4,1.1627,1
SG,64,C,0,4,0,0.6148,0
SG,64,O,0,4,0.75,1.0128,1
SG,65,C,0,4,0.75,0.7839,1
SG,65,O,0,4,0,0.9264,0
SG,66,C,0,3,0,0.7237,0
SG,66,O,0,4,3.75,1.3731,1
SG,67,C,0,5,0,0.6601,0
SG,67,O,0,5,0,0.6867,0
SG,68,C,0,4,0,0.2976,0
SG,7,C,0,5,3.2,2.7099,1
SG,7,O,0,5,0,0.4373,0
SG,70,C,0,4,0,0.4683,0
SG,70,O,0,4,0,0.5493,0
SG,71,C,0,4,0,0.2153,0
SG,72,C,0,5,60.2,0.7333,1
SG,72,O,0,4,0,0.7783,0
SG,73,C,0,5,0,0.664,0
SG,73,O,0,5,0,0.306,0
SG,74,C,0,5,0,0.5348,0
SG,74,O,0,5,0,0.9849,0
SG,75,C,0,5,8.6,0.5497,1
SG,75,O,0,5,0.2,0.9576,1
SG,76,C,0,5,0.6,1.155,1
SG,76,O,0,5,0.4,1.086,1
SG,77,C,0,4,0,0.8376,0
SG,77,O,0,4,0,0.5637,0
SG,78,C,0,5,2,1.1517,1
SG,78,O,0,4,0,0.3025,0
SG,79,C,0,5,0,0.6499,0
SG,79,O,0,5,0,1.3908,0
SG,8,C,0,5,0,0.872,0
SG,8,O,0,5,0,0.9237,0
SG,80,C,0,4,3.75,0.9748,1
SG,80,O,0,4,0,1.4184,0
SG,9,C,0,3,0,0.7905,0
SG,9,O,0,3,0,0.4599,0
SG,99,C,0,3,0,3.1787,0
SG,99,O,0,3,0,1.0425,0
ST,1,C,0,3,5.3333333333,1.0567,1
ST,1,O,0,3,2.6666666667,0.7722,1
ST,10,C,0,4,2.75,1.9052,1
ST,152,C,0,4,6.75,1.9023,1
ST,152,O,0,2,7,0.9748,1
ST,16,C,0,3,1,0.2016,1
ST,16,O,0,3,0.3333333333,0.6402,1
ST,17,C,0,5,0,0.4534,0
ST,17,O,0,5,0,0.7884,0
ST,18,C,0,5,0.9,1.041,1
ST,18,O,0,5,1.6,2.2818,1
ST,19,O,0,4,1,0.8086,1
ST,20,C,0,2,0.5,0.6252,1
ST,20,O,0,3,0.3333333333,11.377,1
ST,21,C,0,4,3,1.8954,1
ST,21,O,0,4,1,1.4541,1
ST,27,C,0,5,1.4,1.6112,1
ST,27,O,0,5,1.2,0.3798,1
ST,30,C,0,3,1.6666666667,1.5888,1
ST,30,O,0,3,2.6666666667,1.1422,1
ST,32,C,0,5,0.2,0.827,1
ST,32,O,0,4,0,1.0007,0
ST,36,C,0,4,0,0.8182,0
ST,36,O,0,4,0,0.7828,0
ST,37,O,0,5,0.8,1.2915,1
ST,38,C,0,4,2,1.253,1
ST,38,O,0,5,1.4,0.8475,1
ST,39,C,0,3,3,1.1304,1
ST,39,O,0,3,1.3333333333,1.0848,1
ST,4,C,0,5,8.8,1.1555,1
ST,41,C,0,4,0,0.8226,0
ST,41,O,0,4,0,0.4468,0
ST,43,C,0,3,1,2.0517,1
ST,45,C,0,4,0,1.1475,0
ST,45,O,0,5,8.4,1.0027,1
ST,46,C,0,5,0,0.1316,0
ST,46,O,0,5,0.2,0.1842,1
ST,47,C,0,4,0.25,0.3328,1
ST,47,O,0,4,7,0.3478,1
ST,49,O,0,4,2.5,1.0672,1
ST,5,O,0,5,3.8,0.6903,1
ST,50,C,0,4,2.75,0.4387,1
ST,50,O,0,5,4.8,1.1295,1
ST,51,O,0,5,1.2,0.8218,1
ST,52,C,0,4,0.75,1.0836,1
ST,52,O,0,4,3.25,0.8179,1
ST,53,C,0,5,6.2,1.315,1
ST,53,O,0,5,3.6,0.5553,1
ST,55,C,0,4,0,0.0643,0
ST,55,O,0,4,0,0.6942,0
ST,56,C,0,2,0,0.3089,0
ST,56,O,0,4,2.25,0.4251,1
ST,59,C,0,5,0.2,0.5025,1
ST,59,O,0,4,0.25,0.3151,1
ST,6,C,0,5,2.8,1.3482,1
ST,60,C,0,5,2.8,1.4753,1
ST,60,O,0,5,2.6,1.0666,1
ST,61,C,0,3,5.6666666667,1.2371,1
ST,61,O,0,3,1.6666666667,0.9724,1
ST,62,C,0,3,1,1.4273,1
ST,63,C,0,5,2.6,1.1627,1
ST,64,C,0,4,1.25,0.6148,1
ST,64,O,0,4,6,1.0128,1
ST,65,C,0,4,0.25,0.7839,1
ST,65,O,0,4,1,0.9264,1
ST,66,C,0,3,0,0.7237,0
ST,66,O,0,4,1,1.3731,1
ST,67,C,0,5,0,0.6601,0
ST,67,O,0,5,0.2,0.6867,1
ST,68,C,0,4,0,0.2976,0
ST,7,C,0,5,0.6,2.7099,1
ST,7,O,0,5,1,0.4373,1
ST,70,C,0,4,0.75,0.4683,1
ST,70,O,0,4,0,0.5493,0
ST,71,C,0,4,0,0.2153,0
ST,72,C,0,5,3.6,0.7333,1
ST,72,O,0,4,0,0.7783,0
ST,73,C,0,5,0,0.664,0
ST,73,O,0,5,0,0.306,0
ST,74,C,0,5,0,0.5348,0
ST,74,O,0,5,0.2,0.9849,1
ST,75,C,0,5,0.4,0.5497,1
ST,75,O,0,5,0.4,0.9576,1
ST,76,C,0,5,0.8,1.155,1
ST,76,O,0,5,0,1.086,0
ST,77,C,0,4,1.25,0.8376,1
ST,77,O,0,4,0.25,0.5637,1
ST,78,C,0,5,0.6,1.1517,1
ST,78,O,0,4,0,0.3025,0
ST,79,C,0,5,0.6,0.6499,1
ST,79,O,0,5,0.2,1.3908,1
ST,8,C,0,5,0.4,0.872,1
ST,8,O,0,5,1,0.9237,1
ST,80,C,0,4,0.25,0.9748,1
ST,80,O,0,4,0.75,1.4184,1
ST,9,C,0,3,1.6666666667,0.7905,1
ST,9,O,0,3,0.3333333333,0.4599,1
ST,99,C,0,3,1,3.1787,1
ST,99,O,0,3,1,1.0425,1
TS,1,C,0,3,0,1.0567,0
TS,1,O,0,3,0,0.7722,0
TS,10,C,0,4,0,1.9052,0
TS,152,C,0,4,0,1.9023,0
TS,152,O,0,2,0,0.9748,0
TS,16,C,0,3,0,0.2016,0
TS,16,O,0,3,0,0.6402,0
TS,17,C,0,5,1.2,0.4534,1
TS,17,O,0,5,0,0.7884,0
TS,18,C,0,5,3.3,1.041,1
TS,18,O,0,5,0,2.2818,0
TS,19,O,0,4,0,0.8086,0
TS,20,C,0,2,0,0.6252,0
TS,20,O,0,3,0,11.377,0
TS,21,C,0,4,0,1.8954,0
TS,21,O,0,4,0,1.4541,0
TS,27,C,0,5,0,1.6112,0
TS,27,O,0,5,0,0.3798,0
TS,30,C,0,3,0,1.5888,0
TS,30,O,0,3,0,1.1422,0
TS,32,C,0,5,0,0.827,0
TS,32,O,0,4,0,1.0007,0
TS,36,C,0,4,0,0.8182,0
TS,36,O,0,4,8.75,0.7828,1
TS,37,O,0,5,0,1.2915,0
TS,38,C,0,4,0,1.253,0
TS,38,O,0,5,0,0.8475,0
TS,39,C,0,3,0,1.1304,0
TS,39,O,0,3,0,1.0848,0
TS,4,C,0,5,0,1.1555,0
TS,41,C,0,4,0,0.8226,0
TS,41,O,0,4,0,0.4468,0
TS,43,C,0,3,0,2.0517,0
TS,45,C,0,4,0,1.1475,0
TS,45,O,0,5,0,1.0027,0
TS,46,C,0,5,0,0.1316,0
TS,46,O,0,5,0,0.1842,0
TS,47,C,0,4,0,0.3328,0
TS,47,O,0,4,0,0.3478,0
TS,49,O,0,4,0,1.0672,0
TS,5,O,0,5,0,0.6903,0
TS,50,C,0,4,0,0.4387,0
TS,50,O,0,5,0,1.1295,0
TS,51,O,0,5,0,0.8218,0
TS,52,C,0,4,0,1.0836,0
TS,52,O,0,4,0,0.8179,0
TS,53,C,0,5,0,1.315,0
TS,53,O,0,5,0,0.5553,0
TS,55,C,0,4,0,0.0643,0
TS,55,O,0,4,0,0.6942,0
TS,56,C,0,2,0,0.3089,0
TS,56,O,0,4,0,0.4251,0
TS,59,C,0,5,0,0.5025,0
TS,59,O,0,4,0,0.3151,0
TS,6,C,0,5,0,1.3482,0
TS,60,C,0,5,0,1.4753,0
TS,60,O,0,5,0,1.0666,0
TS,61,C,0,3,0,1.2371,0
TS,61,O,0,3,0,0.9724,0
TS,62,C,0,3,0,1.4273,0
TS,63,C,0,5,0,1.1627,0
TS,64,C,0,4,0,0.6148,0
TS,64,O,0,4,0,1.0128,0
TS,65,C,0,4,0,0.7839,0
TS,65,O,0,4,0,0.9264,0
TS,66,C,0,3,0,0.7237,0
TS,66,O,0,4,0,1.3731,0
TS,67,C,0,5,0,0.6601,0
TS,67,O,0,5,0,0.6867,0
TS,68,C,0,4,0,0.2976,0
TS,7,C,0,5,0.8,2.7099,1
TS,7,O,0,5,0,0.4373,0
TS,70,C,0,4,0,0.4683,0
TS,70,O,0,4,0,0.5493,0
TS,71,C,0,4,0,0.2153,0
TS,72,C,0,5,0,0.7333,0
TS,72,O,0,4,0,0.7783,0
TS,73,C,0,5,0,0.664,0
TS,73,O,0,5,0,0.306,0
TS,74,C,0,5,0,0.5348,0
TS,74,O,0,5,0,0.9849,0
TS,75,C,0,5,0,0.5497,0
TS,75,O,0,5,0,0.9576,0
TS,76,C,0,5,0,1.155,0
TS,76,O,0,5,0,1.086,0
TS,77,C,0,4,0,0.8376,0
TS,77,O,0,4,0,0.5637,0
TS,78,C,0,5,0,1.1517,0
TS,78,O,0,4,0,0.3025,0
TS,79,C,0,5,0,0.6499,0
TS,79,O,0,5,0,1.3908,0
TS,8,C,0,5,0.6,0.872,1
TS,8,O,0,5,1.6,0.9237,1
TS,80,C,0,4,0,0.9748,0
TS,80,O,0,4,0,1.4184,0
TS,9,C,0,3,0,0.7905,0
TS,9,O,0,3,0.6666666667,0.4599,1
TS,99,C,0,3,0,3.1787,0
TS,99,O,0,3,0,1.0425,0
WP,1,C,0,3,8.3333333333,1.0567,1
WP,1,O,0,3,0,0.7722,0
WP,10,C,0,4,7.75,1.9052,1
WP,152,C,0,4,47.75,1.9023,1
WP,152,O,0,2,5.5,0.9748,1
WP,16,C,0,3,0,0.2016,0
WP,16,O,0,3,0,0.6402,0
WP,17,C,0,5,0.2,0.4534,1
WP,17,O,0,5,1.8,0.7884,1
WP,18,C,0,5,0.8,1.041,1
WP,18,O,0,5,0,2.2818,0
WP,19,O,0,4,2.5,0.8086,1
WP,20,C,0,2,0,0.6252,0
WP,20,O,0,3,6.3333333333,11.377,1
WP,21,C,0,4,5.25,1.8954,1
WP,21,O,0,4,55.75,1.4541,1
WP,27,C,0,5,32.4,1.6112,1
WP,27,O,0,5,13.4,0.3798,1
WP,30,C,0,3,0,1.5888,0
WP,30,O,0,3,16.666666667,1.1422,1
WP,32,C,0,5,0,0.827,0
WP,32,O,0,4,0,1.0007,0
WP,36,C,0,4,20,0.8182,1
WP,36,O,0,4,4.5,0.7828,1
WP,37,O,0,5,22,1.2915,1
WP,38,C,0,4,0.5,1.253,1
WP,38,O,0,5,11.4,0.8475,1
WP,39,C,0,3,2,1.1304,1
WP,39,O,0,3,26.666666667,1.0848,1
WP,4,C,0,5,5.2,1.1555,1
WP,41,C,0,4,13.75,0.8226,1
WP,41,O,0,4,1,0.4468,1
WP,43,C,0,3,33.333333333,2.0517,1
WP,45,C,0,4,0,1.1475,0
WP,45,O,0,5,8.4,1.0027,1
WP,46,C,0,5,16.2,0.1316,1
WP,46,O,0,5,3.2,0.1842,1
WP,47,C,0,4,0.25,0.3328,1
WP,47,O,0,4,2.25,0.3478,1
WP,49,O,0,4,0.75,1.0672,1
WP,5,O,0,5,5.2,0.6903,1
WP,50,C,0,4,2.5,0.4387,1
WP,50,O,0,5,3.4,1.1295,1
WP,51,O,0,5,0.2,0.8218,1
WP,52,C,0,4,40.5,1.0836,1
WP,52,O,0,4,11.5,0.8179,1
WP,53,C,0,5,22.6,1.315,1
WP,53,O,0,5,30.4,0.5553,1
WP,55,C,0,4,0,0.0643,0
WP,55,O,0,4,0,0.6942,0
WP,56,C,0,2,2.5,0.3089,1
WP,56,O,0,4,4.5,0.4251,1
WP,59,C,0,5,0.4,0.5025,1
WP,59,O,0,4,0,0.3151,0
WP,6,C,0,5,2,1.3482,1
WP,60,C,0,5,6,1.4753,1
WP,60,O,0,5,1.8,1.0666,1
WP,61,C,0,3,8.6666666667,1.2371,1
WP,61,O,0,3,1.3333333333,0.9724,1
WP,62,C,0,3,0,1.4273,0
WP,63,C,0,5,6.2,1.1627,1
WP,64,C,0,4,0.5,0.6148,1
WP,64,O,0,4,3.75,1.0128,1
WP,65,C,0,4,2.25,0.7839,1
WP,65,O,0,4,0.75,0.9264,1
WP,66,C,0,3,6.6666666667,0.7237,1
WP,66,O,0,4,10.5,1.3731,1
WP,67,C,0,5,0,0.6601,0
WP,67,O,0,5,0,0.6867,0
WP,68,C,0,4,0,0.2976,0
WP,7,C,0,5,256.4,2.7099,1
WP,7,O,0,5,0.4,0.4373,1
WP,70,C,0,4,1.5,0.4683,1
WP,70,O,0,4,5,0.5493,1
WP,71,C,0,4,0,0.2153,0
WP,72,C,0,5,0,0.7333,0
WP,72,O,0,4,0,0.7783,0
WP,73,C,0,5,2.4,0.664,1
WP,73,O,0,5,0,0.306,0
WP,74,C,0,5,7.2,0.5348,1
WP,74,O,0,5,29.6,0.9849,1
WP,75,C,0,5,0.4,0.5497,1
WP,75,O,0,5,3.4,0.9576,1
WP,76,C,0,5,0.2,1.155,1
WP,76,O,0,5,9.2,1.086,1
WP,77,C,0,4,0.25,0.8376,1
WP,77,O,0,4,1,0.5637,1
WP,78,C,0,5,10,1.1517,1
WP,78,O,0,4,0,0.3025,0
WP,79,C,0,5,1.4,0.6499,1
WP,79,O,0,5,0,1.3908,0
WP,8,C,0,5,2.6,0.872,1
WP,8,O,0,5,0.8,0.9237,1
WP,80,C,0,4,0,0.9748,0
WP,80,O,0,4,0.5,1.4184,1
WP,9,C,0,3,0,0.7905,0
WP,9,O,0,3,0.6666666667,0.4599,1
WP,99,C,0,3,4.3333333333,3.1787,1
WP,99,O,0,3,70,1.0425,1
WR,1,C,0,3,1.3333333333,1.0567,1
WR,1,O,0,3,1.3333333333,0.7722,1
WR,10,C,0,4,1.5,1.9052,1
WR,152,C,0,4,3,1.9023,1
WR,152,O,0,2,4.5,0.9748,1
WR,16,C,0,3,0,0.2016,0
WR,16,O,0,3,1,0.6402,1
WR,17,C,0,5,1.4,0.4534,1
WR,17,O,0,5,0.6,0.7884,1
WR,18,C,0,5,3,1.041,1
WR,18,O,0,5,2.8,2.2818,1
WR,19,O,0,4,2.75,0.8086,1
WR,20,C,0,2,1,0.6252,1
WR,20,O,0,3,0.6666666667,11.377,1
WR,21,C,0,4,3.25,1.8954,1
WR,21,O,0,4,2.25,1.4541,1
WR,27,C,0,5,4.2,1.6112,1
WR,27,O,0,5,2,0.3798,1
WR,30,C,0,3,2,1.5888,1
WR,30,O,0,3,2,1.1422,1
WR,32,C,0,5,1,0.827,1
WR,32,O,0,4,2,1.0007,1
WR,36,C,0,4,2.5,0.8182,1
WR,36,O,0,4,0,0.7828,0
WR,37,O,0,5,5.6,1.2915,1
WR,38,C,0,4,4.25,1.253,1
WR,38,O,0,5,6,0.8475,1
WR,39,C,0,3,0.3333333333,1.1304,1
WR,39,O,0,3,0.3333333333,1.0848,1
WR,4,C,0,5,5.8,1.1555,1
WR,41,C,0,4,0.5,0.8226,1
WR,41,O,0,4,0,0.4468,0
WR,43,C,0,3,0,2.0517,0
WR,45,C,0,4,0.5,1.1475,1
WR,45,O,0,5,9.6,1.0027,1
WR,46,C,0,5,0.6,0.1316,1
WR,46,O,0,5,0,0.1842,0
WR,47,C,0,4,6.25,0.3328,1
WR,47,O,0,4,9,0.3478,1
WR,49,O,0,4,1.5,1.0672,1
WR,5,O,0,5,5,0.6903,1
WR,50,C,0,4,2,0.4387,1
WR,50,O,0,5,7.6,1.1295,1
WR,51,O,0,5,1.2,0.8218,1
WR,52,C,0,4,3,1.0836,1
WR,52,O,0,4,0.25,0.8179,1
WR,53,C,0,5,1.6,1.315,1
WR,53,O,0,5,1.4,0.5553,1
WR,55,C,0,4,0,0.0643,0
WR,55,O,0,4,0,0.6942,0
WR,56,C,0,2,1,0.3089,1
WR,56,O,0,4,5,0.4251,1
WR,59,C,0,5,0.2,0.5025,1
WR,59,O,0,4,0,0.3151,0
WR,6,C,0,5,8,1.3482,1
WR,60,C,0,5,7,1.4753,1
WR,60,O,0,5,5.2,1.0666,1
WR,61,C,0,3,3,1.2371,1
WR,61,O,0,3,0.3333333333,0.9724,1
WR,62,C,0,3,1,1.4273,1
WR,63,C,0,5,0.4,1.1627,1
WR,64,C,0,4,3.25,0.6148,1
WR,64,O,0,4,3.25,1.0128,1
WR,65,C,0,4,1.25,0.7839,1
WR,65,O,0,4,1.75,0.9264,1
WR,66,C,0,3,1.6666666667,0.7237,1
WR,66,O,0,4,2.5,1.3731,1
WR,67,C,0,5,1.4,0.6601,1
WR,67,O,0,5,0.8,0.6867,1
WR,68,C,0,4,0,0.2976,0
WR,7,C,0,5,2.6,2.7099,1
WR,7,O,0,5,0.4,0.4373,1
WR,70,C,0,4,0.75,0.4683,1
WR,70,O,0,4,2.25,0.5493,1
WR,71,C,0,4,1.75,0.2153,1
WR,72,C,0,5,3,0.7333,1
WR,72,O,0,4,0,0.7783,0
WR,73,C,0,5,0.6,0.664,1
WR,73,O,0,5,0.4,0.306,1
WR,74,C,0,5,0.8,0.5348,1
WR,74,O,0,5,1,0.9849,1
WR,75,C,0,5,0,0.5497,0
WR,75,O,0,5,1.2,0.9576,1
WR,76,C,0,5,1.6,1.155,1
WR,76,O,0,5,2.4,1.086,1
WR,77,C,0,4,2,0.8376,1
WR,77,O,0,4,0.75,0.5637,1
WR,78,C,0,5,1,1.1517,1
WR,78,O,0,4,1.5,0.3025,1
WR,79,C,0,5,0.6,0.6499,1
WR,79,O,0,5,3.4,1.3908,1
WR,8,C,0,5,3.2,0.872,1
WR,8,O,0,5,2.6,0.9237,1
WR,80,C,0,4,2.25,0.9748,1
WR,80,O,0,4,1.5,1.4184,1
WR,9,C,0,3,1.3333333333,0.7905,1
WR,9,O,0,3,0.3333333333,0.4599,1
WR,99,C,0,3,2.3333333333,3.1787,1
WR,99,O,0,3,1.6666666667,1.0425,1
Y.,1,C,0,3,0,1.0567,0
Y.,1,O,0,3,0,0.7722,0
Y.,10,C,0,4,5,1.9052,1
Y.,152,C,0,4,0,1.9023,0
Y.,152,O,0,2,0,0.9748,0
Y.,16,C,0,3,0,0.2016,0
Y.,16,O,0,3,9,0.6402,1
Y.,17,C,0,5,0,0.4534,0
Y.,17,O,0,5,0.8,0.7884,1
Y.,18,C,0,5,6.3,1.041,1
Y.,18,O,0,5,0.8,2.2818,1
Y.,19,O,0,4,2.75,0.8086,1
Y.,20,C,0,2,0,0.6252,0
Y.,20,O,0,3,3,11.377,1
Y.,21,C,0,4,8.5,1.8954,1
Y.,21,O,0,4,6.5,1.4541,1
Y.,27,C,0,5,0,1.6112,0
Y.,27,O,0,5,0.2,0.3798,1
Y.,30,C,0,3,0,1.5888,0
Y.,30,O,0,3,2.6666666667,1.1422,1
Y.,32,C,0,5,1.4,0.827,1
Y.,32,O,0,4,0.25,1.0007,1
Y.,36,C,0,4,3,0.8182,1
Y.,36,O,0,4,1,0.7828,1
Y.,37,O,0,5,0.2,1.2915,1
Y.,38,C,0,4,3.75,1.253,1
Y.,38,O,0,5,0.2,0.8475,1
Y.,39,C,0,3,10,1.1304,1
Y.,39,O,0,3,33.666666667,1.0848,1
Y.,4,C,0,5,1.8,1.1555,1
Y.,41,C,0,4,0,0.8226,0
Y.,41,O,0,4,0,0.4468,0
Y.,43,C,0,3,1,2.0517,1
Y.,45,C,0,4,0,1.1475,0
Y.,45,O,0,5,0.8,1.0027,1
Y.,46,C,0,5,0,0.1316,0
Y.,46,O,0,5,0,0.1842,0
Y.,47,C,0,4,0,0.3328,0
Y.,47,O,0,4,0,0.3478,0
Y.,49,O,0,4,0,1.0672,0
Y.,5,O,0,5,2,0.6903,1
Y.,50,C,0,4,11.25,0.4387,1
Y.,50,O,0,5,1.6,1.1295,1
Y.,51,O,0,5,3.2,0.8218,1
Y.,52,C,0,4,0.5,1.0836,1
Y.,52,O,0,4,0,0.8179,0
Y.,53,C,0,5,0,1.315,0
Y.,53,O,0,5,0,0.5553,0
Y.,55,C,0,4,0,0.0643,0
Y.,55,O,0,4,0,0.6942,0
Y.,56,C,0,2,0,0.3089,0
Y.,56,O,0,4,0,0.4251,0
Y.,59,C,0,5,0,0.5025,0
Y.,59,O,0,4,0.5,0.3151,1
Y.,6,C,0,5,13,1.3482,1
Y.,60,C,0,5,1.4,1.4753,1
Y.,60,O,0,5,6.2,1.0666,1
Y.,61,C,0,3,3,1.2371,1
Y.,61,O,0,3,0.3333333333,0.9724,1
Y.,62,C,0,3,0.6666666667,1.4273,1
Y.,63,C,0,5,0,1.1627,0
Y.,64,C,0,4,2,0.6148,1
Y.,64,O,0,4,0.75,1.0128,1
Y.,65,C,0,4,6.5,0.7839,1
Y.,65,O,0,4,2,0.9264,1
Y.,66,C,0,3,3.6666666667,0.7237,1
Y.,66,O,0,4,2,1.3731,1
Y.,67,C,0,5,0,0.6601,0
Y.,67,O,0,5,17.2,0.6867,1
Y.,68,C,0,4,0.5,0.2976,1
Y.,7,C,0,5,1,2.7099,1
Y.,7,O,0,5,0,0.4373,0
Y.,70,C,0,4,7.5,0.4683,1
Y.,70,O,0,4,1.25,0.5493,1
Y.,71,C,0,4,0,0.2153,0
Y.,72,C,0,5,0,0.7333,0
Y.,72,O,0,4,0,0.7783,0
Y.,73,C,0,5,0.8,0.664,1
Y.,73,O,0,5,0,0.306,0
Y.,74,C,0,5,1.4,0.5348,1
Y.,74,O,0,5,41.5,0.9849,1
Y.,75,C,0,5,1.8,0.5497,1
Y.,75,O,0,5,0.4,0.9576,1
Y.,76,C,0,5,1,1.155,1
Y.,76,O,0,5,0.6,1.086,1
Y.,77,C,0,4,0.5,0.8376,1
Y.,77,O,0,4,1.75,0.5637,1
Y.,78,C,0,5,28.4,1.1517,1
Y.,78,O,0,4,0,0.3025,0
Y.,79,C,0,5,0.8,0.6499,1
Y.,79,O,0,5,2,1.3908,1
Y.,8,C,0,5,0.4,0.872,1
Y.,8,O,0,5,1.2,0.9237,1
Y.,80,C,0,4,1,0.9748,1
Y.,80,O,0,4,2.25,1.4184,1
Y.,9,C,0,3,4,0.7905,1
Y.,9,O,0,3,1,0.4599,1
Y.,99,C,0,3,0.6666666667,3.1787,1
Y.,99,O,0,3,0,1.0425,0
